#VRML V2.0 utf8
# TerminalBlock_Metaltex_BR4_1x05_P5.00mm_Horizontal - Drawn by Somerled Design (Kevin Murphy) with Mildrew (Grok Bot), CERN-OHL-S-2.0
DEF housing Shape {
 appearance Appearance { material Material { diffuseColor 0.150 0.550 0.250 specularColor 0.15 0.15 0.15 shininess 0.2 } }
 geometry IndexedFaceSet { creaseAngle 0.5
  coord Coordinate { point [
   -0.98425 2.04724 0.00000,
   -0.98425 -1.96850 0.00000,
   4.88189 2.04724 0.00000,
   4.88189 1.92913 0.00000,
   4.96063 1.92913 0.00000,
   4.96063 2.04724 0.00000,
   8.85827 2.04724 0.00000,
   8.85827 -1.96850 0.00000,
   4.96063 -1.96850 0.00000,
   4.96063 -1.85039 0.00000,
   4.88189 -1.85039 0.00000,
   4.88189 -1.96850 0.00000,
   -0.98425 2.04724 0.00000,
   -0.98425 -1.96850 0.00000,
   -0.98425 -1.96850 3.54331,
   -0.98425 -1.18110 5.59055,
   -0.98425 1.25984 5.59055,
   -0.98425 2.04724 3.54331,
   -0.98425 -1.96850 0.00000,
   -0.98425 -1.96850 3.54331,
   4.88189 -1.96850 0.00000,
   4.88189 -1.96850 3.54331,
   4.56693 -1.96850 0.78740,
   3.30709 -1.96850 0.78740,
   3.30709 -1.96850 3.07087,
   4.56693 -1.96850 3.07087,
   2.59843 -1.96850 0.78740,
   1.33858 -1.96850 0.78740,
   1.33858 -1.96850 3.07087,
   2.59843 -1.96850 3.07087,
   0.62992 -1.96850 0.78740,
   -0.62992 -1.96850 0.78740,
   -0.62992 -1.96850 3.07087,
   0.62992 -1.96850 3.07087,
   4.88189 -1.96850 0.00000,
   4.88189 -1.96850 3.54331,
   4.88189 -1.85039 0.00000,
   4.88189 -1.85039 3.85039,
   4.88189 -1.85039 0.00000,
   4.88189 -1.85039 3.85039,
   4.96063 -1.85039 3.85039,
   4.96063 -1.85039 0.00000,
   4.96063 -1.96850 0.00000,
   4.96063 -1.96850 3.54331,
   4.96063 -1.85039 0.00000,
   4.96063 -1.85039 3.85039,
   4.96063 -1.96850 0.00000,
   4.96063 -1.96850 3.54331,
   8.85827 -1.96850 0.00000,
   8.85827 -1.96850 3.54331,
   8.50394 -1.96850 0.78740,
   7.24409 -1.96850 0.78740,
   7.24409 -1.96850 3.07087,
   8.50394 -1.96850 3.07087,
   6.53543 -1.96850 0.78740,
   5.27559 -1.96850 0.78740,
   5.27559 -1.96850 3.07087,
   6.53543 -1.96850 3.07087,
   8.85827 2.04724 0.00000,
   8.85827 -1.96850 0.00000,
   8.85827 -1.96850 3.54331,
   8.85827 -1.18110 5.59055,
   8.85827 1.25984 5.59055,
   8.85827 2.04724 3.54331,
   4.96063 2.04724 3.54331,
   4.96063 2.04724 0.00000,
   8.85827 2.04724 3.54331,
   8.85827 2.04724 0.00000,
   4.96063 1.92913 0.00000,
   4.96063 2.04724 0.00000,
   4.96063 2.04724 3.54331,
   4.96063 1.92913 3.85039,
   4.88189 1.92913 0.00000,
   4.88189 1.92913 3.85039,
   4.96063 1.92913 3.85039,
   4.96063 1.92913 0.00000,
   4.88189 1.92913 0.00000,
   4.88189 2.04724 0.00000,
   4.88189 2.04724 3.54331,
   4.88189 1.92913 3.85039,
   -0.98425 2.04724 3.54331,
   -0.98425 2.04724 0.00000,
   4.88189 2.04724 3.54331,
   4.88189 2.04724 0.00000,
   -0.98425 -1.96850 3.54331,
   -0.98425 -1.18110 5.59055,
   4.88189 -1.96850 3.54331,
   4.88189 -1.85039 3.85039,
   4.96063 -1.85039 3.85039,
   4.96063 -1.96850 3.54331,
   8.85827 -1.96850 3.54331,
   8.85827 -1.18110 5.59055,
   4.96063 -1.18110 5.59055,
   4.96063 -1.22653 5.47244,
   4.88189 -1.22653 5.47244,
   4.88189 -1.18110 5.59055,
   -0.98425 -1.18110 5.59055,
   -0.98425 1.25984 5.59055,
   4.88189 -1.18110 5.59055,
   4.88189 1.25984 5.59055,
   4.76378 0.00000 5.59055,
   4.75455 -0.12322 5.59055,
   4.72705 -0.24370 5.59055,
   4.68190 -0.35872 5.59055,
   4.62012 -0.46574 5.59055,
   4.54307 -0.56235 5.59055,
   4.45249 -0.64640 5.59055,
   4.35039 -0.71601 5.59055,
   4.23906 -0.76962 5.59055,
   4.12098 -0.80604 5.59055,
   3.99879 -0.82446 5.59055,
   3.87522 -0.82446 5.59055,
   3.75303 -0.80604 5.59055,
   3.63495 -0.76962 5.59055,
   3.52362 -0.71601 5.59055,
   3.42152 -0.64640 5.59055,
   3.33094 -0.56235 5.59055,
   3.25390 -0.46574 5.59055,
   3.19211 -0.35872 5.59055,
   3.14697 -0.24370 5.59055,
   3.11947 -0.12322 5.59055,
   3.11024 0.00000 5.59055,
   3.11947 0.12322 5.59055,
   3.14697 0.24370 5.59055,
   3.19211 0.35872 5.59055,
   3.25390 0.46574 5.59055,
   3.33094 0.56235 5.59055,
   3.42152 0.64640 5.59055,
   3.52362 0.71601 5.59055,
   3.63495 0.76962 5.59055,
   3.75303 0.80604 5.59055,
   3.87522 0.82446 5.59055,
   3.99879 0.82446 5.59055,
   4.12098 0.80604 5.59055,
   4.23906 0.76962 5.59055,
   4.35039 0.71601 5.59055,
   4.45249 0.64640 5.59055,
   4.54307 0.56235 5.59055,
   4.62012 0.46574 5.59055,
   4.68190 0.35872 5.59055,
   4.72705 0.24370 5.59055,
   4.75455 0.12322 5.59055,
   2.79528 0.00000 5.59055,
   2.78604 -0.12322 5.59055,
   2.75854 -0.24370 5.59055,
   2.71340 -0.35872 5.59055,
   2.65161 -0.46574 5.59055,
   2.57457 -0.56235 5.59055,
   2.48399 -0.64640 5.59055,
   2.38189 -0.71601 5.59055,
   2.27056 -0.76962 5.59055,
   2.15248 -0.80604 5.59055,
   2.03029 -0.82446 5.59055,
   1.90672 -0.82446 5.59055,
   1.78453 -0.80604 5.59055,
   1.66645 -0.76962 5.59055,
   1.55512 -0.71601 5.59055,
   1.45302 -0.64640 5.59055,
   1.36244 -0.56235 5.59055,
   1.28539 -0.46574 5.59055,
   1.22361 -0.35872 5.59055,
   1.17846 -0.24370 5.59055,
   1.15097 -0.12322 5.59055,
   1.14173 0.00000 5.59055,
   1.15097 0.12322 5.59055,
   1.17846 0.24370 5.59055,
   1.22361 0.35872 5.59055,
   1.28539 0.46574 5.59055,
   1.36244 0.56235 5.59055,
   1.45302 0.64640 5.59055,
   1.55512 0.71601 5.59055,
   1.66645 0.76962 5.59055,
   1.78453 0.80604 5.59055,
   1.90672 0.82446 5.59055,
   2.03029 0.82446 5.59055,
   2.15248 0.80604 5.59055,
   2.27056 0.76962 5.59055,
   2.38189 0.71601 5.59055,
   2.48399 0.64640 5.59055,
   2.57457 0.56235 5.59055,
   2.65161 0.46574 5.59055,
   2.71340 0.35872 5.59055,
   2.75854 0.24370 5.59055,
   2.78604 0.12322 5.59055,
   0.82677 0.00000 5.59055,
   0.81754 -0.12322 5.59055,
   0.79004 -0.24370 5.59055,
   0.74490 -0.35872 5.59055,
   0.68311 -0.46574 5.59055,
   0.60607 -0.56235 5.59055,
   0.51548 -0.64640 5.59055,
   0.41339 -0.71601 5.59055,
   0.30205 -0.76962 5.59055,
   0.18397 -0.80604 5.59055,
   0.06178 -0.82446 5.59055,
   -0.06178 -0.82446 5.59055,
   -0.18397 -0.80604 5.59055,
   -0.30205 -0.76962 5.59055,
   -0.41339 -0.71601 5.59055,
   -0.51548 -0.64640 5.59055,
   -0.60607 -0.56235 5.59055,
   -0.68311 -0.46574 5.59055,
   -0.74490 -0.35872 5.59055,
   -0.79004 -0.24370 5.59055,
   -0.81754 -0.12322 5.59055,
   -0.82677 0.00000 5.59055,
   -0.81754 0.12322 5.59055,
   -0.79004 0.24370 5.59055,
   -0.74490 0.35872 5.59055,
   -0.68311 0.46574 5.59055,
   -0.60607 0.56235 5.59055,
   -0.51548 0.64640 5.59055,
   -0.41339 0.71601 5.59055,
   -0.30205 0.76962 5.59055,
   -0.18397 0.80604 5.59055,
   -0.06178 0.82446 5.59055,
   0.06178 0.82446 5.59055,
   0.18397 0.80604 5.59055,
   0.30205 0.76962 5.59055,
   0.41339 0.71601 5.59055,
   0.51548 0.64640 5.59055,
   0.60607 0.56235 5.59055,
   0.68311 0.46574 5.59055,
   0.74490 0.35872 5.59055,
   0.79004 0.24370 5.59055,
   0.81754 0.12322 5.59055,
   -0.98425 1.25984 5.59055,
   -0.98425 2.04724 3.54331,
   4.88189 1.25984 5.59055,
   4.88189 1.30527 5.47244,
   4.96063 1.30527 5.47244,
   4.96063 1.25984 5.59055,
   8.85827 1.25984 5.59055,
   8.85827 2.04724 3.54331,
   4.96063 2.04724 3.54331,
   4.96063 1.92913 3.85039,
   4.88189 1.92913 3.85039,
   4.88189 2.04724 3.54331,
   3.30709 -1.96850 0.78740,
   3.30709 0.59055 0.78740,
   4.56693 -1.96850 0.78740,
   4.56693 0.59055 0.78740,
   4.56693 -1.96850 3.07087,
   4.56693 0.59055 3.07087,
   4.56693 -1.96850 0.78740,
   4.56693 0.59055 0.78740,
   3.30709 -1.96850 3.07087,
   3.30709 0.59055 3.07087,
   3.30709 -1.96850 0.78740,
   3.30709 0.59055 0.78740,
   3.30709 -1.96850 3.07087,
   3.30709 0.59055 3.07087,
   4.56693 -1.96850 3.07087,
   4.56693 0.59055 3.07087,
   1.33858 -1.96850 0.78740,
   1.33858 0.59055 0.78740,
   2.59843 -1.96850 0.78740,
   2.59843 0.59055 0.78740,
   2.59843 -1.96850 3.07087,
   2.59843 0.59055 3.07087,
   2.59843 -1.96850 0.78740,
   2.59843 0.59055 0.78740,
   1.33858 -1.96850 3.07087,
   1.33858 0.59055 3.07087,
   1.33858 -1.96850 0.78740,
   1.33858 0.59055 0.78740,
   1.33858 -1.96850 3.07087,
   1.33858 0.59055 3.07087,
   2.59843 -1.96850 3.07087,
   2.59843 0.59055 3.07087,
   -0.62992 -1.96850 0.78740,
   -0.62992 0.59055 0.78740,
   0.62992 -1.96850 0.78740,
   0.62992 0.59055 0.78740,
   0.62992 -1.96850 3.07087,
   0.62992 0.59055 3.07087,
   0.62992 -1.96850 0.78740,
   0.62992 0.59055 0.78740,
   -0.62992 -1.96850 3.07087,
   -0.62992 0.59055 3.07087,
   -0.62992 -1.96850 0.78740,
   -0.62992 0.59055 0.78740,
   -0.62992 -1.96850 3.07087,
   -0.62992 0.59055 3.07087,
   0.62992 -1.96850 3.07087,
   0.62992 0.59055 3.07087,
   7.24409 -1.96850 0.78740,
   7.24409 0.59055 0.78740,
   8.50394 -1.96850 0.78740,
   8.50394 0.59055 0.78740,
   8.50394 -1.96850 3.07087,
   8.50394 0.59055 3.07087,
   8.50394 -1.96850 0.78740,
   8.50394 0.59055 0.78740,
   7.24409 -1.96850 3.07087,
   7.24409 0.59055 3.07087,
   7.24409 -1.96850 0.78740,
   7.24409 0.59055 0.78740,
   7.24409 -1.96850 3.07087,
   7.24409 0.59055 3.07087,
   8.50394 -1.96850 3.07087,
   8.50394 0.59055 3.07087,
   5.27559 -1.96850 0.78740,
   5.27559 0.59055 0.78740,
   6.53543 -1.96850 0.78740,
   6.53543 0.59055 0.78740,
   6.53543 -1.96850 3.07087,
   6.53543 0.59055 3.07087,
   6.53543 -1.96850 0.78740,
   6.53543 0.59055 0.78740,
   5.27559 -1.96850 3.07087,
   5.27559 0.59055 3.07087,
   5.27559 -1.96850 0.78740,
   5.27559 0.59055 0.78740,
   5.27559 -1.96850 3.07087,
   5.27559 0.59055 3.07087,
   6.53543 -1.96850 3.07087,
   6.53543 0.59055 3.07087,
   4.96063 -1.18110 5.59055,
   4.96063 1.25984 5.59055,
   8.85827 -1.18110 5.59055,
   8.85827 1.25984 5.59055,
   8.70079 0.00000 5.59055,
   8.69155 -0.12322 5.59055,
   8.66406 -0.24370 5.59055,
   8.61891 -0.35872 5.59055,
   8.55713 -0.46574 5.59055,
   8.48008 -0.56235 5.59055,
   8.38950 -0.64640 5.59055,
   8.28740 -0.71601 5.59055,
   8.17607 -0.76962 5.59055,
   8.05799 -0.80604 5.59055,
   7.93580 -0.82446 5.59055,
   7.81223 -0.82446 5.59055,
   7.69004 -0.80604 5.59055,
   7.57196 -0.76962 5.59055,
   7.46063 -0.71601 5.59055,
   7.35853 -0.64640 5.59055,
   7.26795 -0.56235 5.59055,
   7.19090 -0.46574 5.59055,
   7.12912 -0.35872 5.59055,
   7.08398 -0.24370 5.59055,
   7.05648 -0.12322 5.59055,
   7.04724 0.00000 5.59055,
   7.05648 0.12322 5.59055,
   7.08398 0.24370 5.59055,
   7.12912 0.35872 5.59055,
   7.19090 0.46574 5.59055,
   7.26795 0.56235 5.59055,
   7.35853 0.64640 5.59055,
   7.46063 0.71601 5.59055,
   7.57196 0.76962 5.59055,
   7.69004 0.80604 5.59055,
   7.81223 0.82446 5.59055,
   7.93580 0.82446 5.59055,
   8.05799 0.80604 5.59055,
   8.17607 0.76962 5.59055,
   8.28740 0.71601 5.59055,
   8.38950 0.64640 5.59055,
   8.48008 0.56235 5.59055,
   8.55713 0.46574 5.59055,
   8.61891 0.35872 5.59055,
   8.66406 0.24370 5.59055,
   8.69155 0.12322 5.59055,
   6.73228 0.00000 5.59055,
   6.72305 -0.12322 5.59055,
   6.69555 -0.24370 5.59055,
   6.65041 -0.35872 5.59055,
   6.58862 -0.46574 5.59055,
   6.51158 -0.56235 5.59055,
   6.42100 -0.64640 5.59055,
   6.31890 -0.71601 5.59055,
   6.20757 -0.76962 5.59055,
   6.08949 -0.80604 5.59055,
   5.96730 -0.82446 5.59055,
   5.84373 -0.82446 5.59055,
   5.72154 -0.80604 5.59055,
   5.60346 -0.76962 5.59055,
   5.49213 -0.71601 5.59055,
   5.39003 -0.64640 5.59055,
   5.29945 -0.56235 5.59055,
   5.22240 -0.46574 5.59055,
   5.16062 -0.35872 5.59055,
   5.11547 -0.24370 5.59055,
   5.08797 -0.12322 5.59055,
   5.07874 0.00000 5.59055,
   5.08797 0.12322 5.59055,
   5.11547 0.24370 5.59055,
   5.16062 0.35872 5.59055,
   5.22240 0.46574 5.59055,
   5.29945 0.56235 5.59055,
   5.39003 0.64640 5.59055,
   5.49213 0.71601 5.59055,
   5.60346 0.76962 5.59055,
   5.72154 0.80604 5.59055,
   5.84373 0.82446 5.59055,
   5.96730 0.82446 5.59055,
   6.08949 0.80604 5.59055,
   6.20757 0.76962 5.59055,
   6.31890 0.71601 5.59055,
   6.42100 0.64640 5.59055,
   6.51158 0.56235 5.59055,
   6.58862 0.46574 5.59055,
   6.65041 0.35872 5.59055,
   6.69555 0.24370 5.59055,
   6.72305 0.12322 5.59055,
   4.88189 1.30527 5.47244,
   4.88189 -1.22653 5.47244,
   4.88189 1.25984 5.59055,
   4.88189 -1.18110 5.59055,
   4.88189 1.30527 5.47244,
   4.96063 1.30527 5.47244,
   4.88189 -1.22653 5.47244,
   4.96063 -1.22653 5.47244,
   4.96063 1.30527 5.47244,
   4.96063 -1.22653 5.47244,
   4.96063 1.25984 5.59055,
   4.96063 -1.18110 5.59055,
   4.76378 0.00000 3.54331,
   4.75455 0.12322 3.54331,
   4.72705 0.24370 3.54331,
   4.68190 0.35872 3.54331,
   4.62012 0.46574 3.54331,
   4.54307 0.56235 3.54331,
   4.45249 0.64640 3.54331,
   4.35039 0.71601 3.54331,
   4.23906 0.76962 3.54331,
   4.12098 0.80604 3.54331,
   3.99879 0.82446 3.54331,
   3.87522 0.82446 3.54331,
   3.75303 0.80604 3.54331,
   3.63495 0.76962 3.54331,
   3.52362 0.71601 3.54331,
   3.42152 0.64640 3.54331,
   3.33094 0.56235 3.54331,
   3.25390 0.46574 3.54331,
   3.19211 0.35872 3.54331,
   3.14697 0.24370 3.54331,
   3.11947 0.12322 3.54331,
   3.11024 -0.00000 3.54331,
   3.11947 -0.12322 3.54331,
   3.14697 -0.24370 3.54331,
   3.19211 -0.35872 3.54331,
   3.25390 -0.46574 3.54331,
   3.33094 -0.56235 3.54331,
   3.42152 -0.64640 3.54331,
   3.52362 -0.71601 3.54331,
   3.63495 -0.76962 3.54331,
   3.75303 -0.80604 3.54331,
   3.87522 -0.82446 3.54331,
   3.99879 -0.82446 3.54331,
   4.12098 -0.80604 3.54331,
   4.23906 -0.76962 3.54331,
   4.35039 -0.71601 3.54331,
   4.45249 -0.64640 3.54331,
   4.54307 -0.56235 3.54331,
   4.62012 -0.46574 3.54331,
   4.68190 -0.35872 3.54331,
   4.72705 -0.24370 3.54331,
   4.75455 -0.12322 3.54331,
   4.76378 0.00000 3.54331,
   4.76378 0.00000 5.59055,
   4.76378 0.00000 5.59055,
   4.75455 -0.12322 5.59055,
   4.72705 -0.24370 5.59055,
   4.68190 -0.35872 5.59055,
   4.62012 -0.46574 5.59055,
   4.54307 -0.56235 5.59055,
   4.45249 -0.64640 5.59055,
   4.35039 -0.71601 5.59055,
   4.23906 -0.76962 5.59055,
   4.12098 -0.80604 5.59055,
   3.99879 -0.82446 5.59055,
   3.87522 -0.82446 5.59055,
   3.75303 -0.80604 5.59055,
   3.63495 -0.76962 5.59055,
   3.52362 -0.71601 5.59055,
   3.42152 -0.64640 5.59055,
   3.33094 -0.56235 5.59055,
   3.25390 -0.46574 5.59055,
   3.19211 -0.35872 5.59055,
   3.14697 -0.24370 5.59055,
   3.11947 -0.12322 5.59055,
   3.11024 0.00000 5.59055,
   3.11947 0.12322 5.59055,
   3.14697 0.24370 5.59055,
   3.19211 0.35872 5.59055,
   3.25390 0.46574 5.59055,
   3.33094 0.56235 5.59055,
   3.42152 0.64640 5.59055,
   3.52362 0.71601 5.59055,
   3.63495 0.76962 5.59055,
   3.75303 0.80604 5.59055,
   3.87522 0.82446 5.59055,
   3.99879 0.82446 5.59055,
   4.12098 0.80604 5.59055,
   4.23906 0.76962 5.59055,
   4.35039 0.71601 5.59055,
   4.45249 0.64640 5.59055,
   4.54307 0.56235 5.59055,
   4.62012 0.46574 5.59055,
   4.68190 0.35872 5.59055,
   4.72705 0.24370 5.59055,
   4.75455 0.12322 5.59055,
   2.79528 0.00000 3.54331,
   2.78604 0.12322 3.54331,
   2.75854 0.24370 3.54331,
   2.71340 0.35872 3.54331,
   2.65161 0.46574 3.54331,
   2.57457 0.56235 3.54331,
   2.48399 0.64640 3.54331,
   2.38189 0.71601 3.54331,
   2.27056 0.76962 3.54331,
   2.15248 0.80604 3.54331,
   2.03029 0.82446 3.54331,
   1.90672 0.82446 3.54331,
   1.78453 0.80604 3.54331,
   1.66645 0.76962 3.54331,
   1.55512 0.71601 3.54331,
   1.45302 0.64640 3.54331,
   1.36244 0.56235 3.54331,
   1.28539 0.46574 3.54331,
   1.22361 0.35872 3.54331,
   1.17846 0.24370 3.54331,
   1.15097 0.12322 3.54331,
   1.14173 -0.00000 3.54331,
   1.15097 -0.12322 3.54331,
   1.17846 -0.24370 3.54331,
   1.22361 -0.35872 3.54331,
   1.28539 -0.46574 3.54331,
   1.36244 -0.56235 3.54331,
   1.45302 -0.64640 3.54331,
   1.55512 -0.71601 3.54331,
   1.66645 -0.76962 3.54331,
   1.78453 -0.80604 3.54331,
   1.90672 -0.82446 3.54331,
   2.03029 -0.82446 3.54331,
   2.15248 -0.80604 3.54331,
   2.27056 -0.76962 3.54331,
   2.38189 -0.71601 3.54331,
   2.48399 -0.64640 3.54331,
   2.57457 -0.56235 3.54331,
   2.65161 -0.46574 3.54331,
   2.71340 -0.35872 3.54331,
   2.75854 -0.24370 3.54331,
   2.78604 -0.12322 3.54331,
   2.79528 0.00000 3.54331,
   2.79528 0.00000 5.59055,
   2.79528 0.00000 5.59055,
   2.78604 -0.12322 5.59055,
   2.75854 -0.24370 5.59055,
   2.71340 -0.35872 5.59055,
   2.65161 -0.46574 5.59055,
   2.57457 -0.56235 5.59055,
   2.48399 -0.64640 5.59055,
   2.38189 -0.71601 5.59055,
   2.27056 -0.76962 5.59055,
   2.15248 -0.80604 5.59055,
   2.03029 -0.82446 5.59055,
   1.90672 -0.82446 5.59055,
   1.78453 -0.80604 5.59055,
   1.66645 -0.76962 5.59055,
   1.55512 -0.71601 5.59055,
   1.45302 -0.64640 5.59055,
   1.36244 -0.56235 5.59055,
   1.28539 -0.46574 5.59055,
   1.22361 -0.35872 5.59055,
   1.17846 -0.24370 5.59055,
   1.15097 -0.12322 5.59055,
   1.14173 0.00000 5.59055,
   1.15097 0.12322 5.59055,
   1.17846 0.24370 5.59055,
   1.22361 0.35872 5.59055,
   1.28539 0.46574 5.59055,
   1.36244 0.56235 5.59055,
   1.45302 0.64640 5.59055,
   1.55512 0.71601 5.59055,
   1.66645 0.76962 5.59055,
   1.78453 0.80604 5.59055,
   1.90672 0.82446 5.59055,
   2.03029 0.82446 5.59055,
   2.15248 0.80604 5.59055,
   2.27056 0.76962 5.59055,
   2.38189 0.71601 5.59055,
   2.48399 0.64640 5.59055,
   2.57457 0.56235 5.59055,
   2.65161 0.46574 5.59055,
   2.71340 0.35872 5.59055,
   2.75854 0.24370 5.59055,
   2.78604 0.12322 5.59055,
   0.82677 0.00000 3.54331,
   0.81754 0.12322 3.54331,
   0.79004 0.24370 3.54331,
   0.74490 0.35872 3.54331,
   0.68311 0.46574 3.54331,
   0.60607 0.56235 3.54331,
   0.51548 0.64640 3.54331,
   0.41339 0.71601 3.54331,
   0.30205 0.76962 3.54331,
   0.18397 0.80604 3.54331,
   0.06178 0.82446 3.54331,
   -0.06178 0.82446 3.54331,
   -0.18397 0.80604 3.54331,
   -0.30205 0.76962 3.54331,
   -0.41339 0.71601 3.54331,
   -0.51548 0.64640 3.54331,
   -0.60607 0.56235 3.54331,
   -0.68311 0.46574 3.54331,
   -0.74490 0.35872 3.54331,
   -0.79004 0.24370 3.54331,
   -0.81754 0.12322 3.54331,
   -0.82677 -0.00000 3.54331,
   -0.81754 -0.12322 3.54331,
   -0.79004 -0.24370 3.54331,
   -0.74490 -0.35872 3.54331,
   -0.68311 -0.46574 3.54331,
   -0.60607 -0.56235 3.54331,
   -0.51548 -0.64640 3.54331,
   -0.41339 -0.71601 3.54331,
   -0.30205 -0.76962 3.54331,
   -0.18397 -0.80604 3.54331,
   -0.06178 -0.82446 3.54331,
   0.06178 -0.82446 3.54331,
   0.18397 -0.80604 3.54331,
   0.30205 -0.76962 3.54331,
   0.41339 -0.71601 3.54331,
   0.51548 -0.64640 3.54331,
   0.60607 -0.56235 3.54331,
   0.68311 -0.46574 3.54331,
   0.74490 -0.35872 3.54331,
   0.79004 -0.24370 3.54331,
   0.81754 -0.12322 3.54331,
   0.82677 0.00000 3.54331,
   0.82677 0.00000 5.59055,
   0.82677 0.00000 5.59055,
   0.81754 -0.12322 5.59055,
   0.79004 -0.24370 5.59055,
   0.74490 -0.35872 5.59055,
   0.68311 -0.46574 5.59055,
   0.60607 -0.56235 5.59055,
   0.51548 -0.64640 5.59055,
   0.41339 -0.71601 5.59055,
   0.30205 -0.76962 5.59055,
   0.18397 -0.80604 5.59055,
   0.06178 -0.82446 5.59055,
   -0.06178 -0.82446 5.59055,
   -0.18397 -0.80604 5.59055,
   -0.30205 -0.76962 5.59055,
   -0.41339 -0.71601 5.59055,
   -0.51548 -0.64640 5.59055,
   -0.60607 -0.56235 5.59055,
   -0.68311 -0.46574 5.59055,
   -0.74490 -0.35872 5.59055,
   -0.79004 -0.24370 5.59055,
   -0.81754 -0.12322 5.59055,
   -0.82677 0.00000 5.59055,
   -0.81754 0.12322 5.59055,
   -0.79004 0.24370 5.59055,
   -0.74490 0.35872 5.59055,
   -0.68311 0.46574 5.59055,
   -0.60607 0.56235 5.59055,
   -0.51548 0.64640 5.59055,
   -0.41339 0.71601 5.59055,
   -0.30205 0.76962 5.59055,
   -0.18397 0.80604 5.59055,
   -0.06178 0.82446 5.59055,
   0.06178 0.82446 5.59055,
   0.18397 0.80604 5.59055,
   0.30205 0.76962 5.59055,
   0.41339 0.71601 5.59055,
   0.51548 0.64640 5.59055,
   0.60607 0.56235 5.59055,
   0.68311 0.46574 5.59055,
   0.74490 0.35872 5.59055,
   0.79004 0.24370 5.59055,
   0.81754 0.12322 5.59055,
   3.30709 0.59055 0.78740,
   4.56693 0.59055 0.78740,
   3.30709 0.59055 3.07087,
   4.56693 0.59055 3.07087,
   1.33858 0.59055 0.78740,
   2.59843 0.59055 0.78740,
   1.33858 0.59055 3.07087,
   2.59843 0.59055 3.07087,
   -0.62992 0.59055 0.78740,
   0.62992 0.59055 0.78740,
   -0.62992 0.59055 3.07087,
   0.62992 0.59055 3.07087,
   7.24409 0.59055 0.78740,
   8.50394 0.59055 0.78740,
   7.24409 0.59055 3.07087,
   8.50394 0.59055 3.07087,
   5.27559 0.59055 0.78740,
   6.53543 0.59055 0.78740,
   5.27559 0.59055 3.07087,
   6.53543 0.59055 3.07087,
   8.70079 0.00000 3.54331,
   8.69155 0.12322 3.54331,
   8.66406 0.24370 3.54331,
   8.61891 0.35872 3.54331,
   8.55713 0.46574 3.54331,
   8.48008 0.56235 3.54331,
   8.38950 0.64640 3.54331,
   8.28740 0.71601 3.54331,
   8.17607 0.76962 3.54331,
   8.05799 0.80604 3.54331,
   7.93580 0.82446 3.54331,
   7.81223 0.82446 3.54331,
   7.69004 0.80604 3.54331,
   7.57196 0.76962 3.54331,
   7.46063 0.71601 3.54331,
   7.35853 0.64640 3.54331,
   7.26795 0.56235 3.54331,
   7.19090 0.46574 3.54331,
   7.12912 0.35872 3.54331,
   7.08398 0.24370 3.54331,
   7.05648 0.12322 3.54331,
   7.04724 -0.00000 3.54331,
   7.05648 -0.12322 3.54331,
   7.08398 -0.24370 3.54331,
   7.12912 -0.35872 3.54331,
   7.19090 -0.46574 3.54331,
   7.26795 -0.56235 3.54331,
   7.35853 -0.64640 3.54331,
   7.46063 -0.71601 3.54331,
   7.57196 -0.76962 3.54331,
   7.69004 -0.80604 3.54331,
   7.81223 -0.82446 3.54331,
   7.93580 -0.82446 3.54331,
   8.05799 -0.80604 3.54331,
   8.17607 -0.76962 3.54331,
   8.28740 -0.71601 3.54331,
   8.38950 -0.64640 3.54331,
   8.48008 -0.56235 3.54331,
   8.55713 -0.46574 3.54331,
   8.61891 -0.35872 3.54331,
   8.66406 -0.24370 3.54331,
   8.69155 -0.12322 3.54331,
   8.70079 0.00000 3.54331,
   8.70079 0.00000 5.59055,
   8.70079 0.00000 5.59055,
   8.69155 -0.12322 5.59055,
   8.66406 -0.24370 5.59055,
   8.61891 -0.35872 5.59055,
   8.55713 -0.46574 5.59055,
   8.48008 -0.56235 5.59055,
   8.38950 -0.64640 5.59055,
   8.28740 -0.71601 5.59055,
   8.17607 -0.76962 5.59055,
   8.05799 -0.80604 5.59055,
   7.93580 -0.82446 5.59055,
   7.81223 -0.82446 5.59055,
   7.69004 -0.80604 5.59055,
   7.57196 -0.76962 5.59055,
   7.46063 -0.71601 5.59055,
   7.35853 -0.64640 5.59055,
   7.26795 -0.56235 5.59055,
   7.19090 -0.46574 5.59055,
   7.12912 -0.35872 5.59055,
   7.08398 -0.24370 5.59055,
   7.05648 -0.12322 5.59055,
   7.04724 0.00000 5.59055,
   7.05648 0.12322 5.59055,
   7.08398 0.24370 5.59055,
   7.12912 0.35872 5.59055,
   7.19090 0.46574 5.59055,
   7.26795 0.56235 5.59055,
   7.35853 0.64640 5.59055,
   7.46063 0.71601 5.59055,
   7.57196 0.76962 5.59055,
   7.69004 0.80604 5.59055,
   7.81223 0.82446 5.59055,
   7.93580 0.82446 5.59055,
   8.05799 0.80604 5.59055,
   8.17607 0.76962 5.59055,
   8.28740 0.71601 5.59055,
   8.38950 0.64640 5.59055,
   8.48008 0.56235 5.59055,
   8.55713 0.46574 5.59055,
   8.61891 0.35872 5.59055,
   8.66406 0.24370 5.59055,
   8.69155 0.12322 5.59055,
   6.73228 0.00000 3.54331,
   6.72305 0.12322 3.54331,
   6.69555 0.24370 3.54331,
   6.65041 0.35872 3.54331,
   6.58862 0.46574 3.54331,
   6.51158 0.56235 3.54331,
   6.42100 0.64640 3.54331,
   6.31890 0.71601 3.54331,
   6.20757 0.76962 3.54331,
   6.08949 0.80604 3.54331,
   5.96730 0.82446 3.54331,
   5.84373 0.82446 3.54331,
   5.72154 0.80604 3.54331,
   5.60346 0.76962 3.54331,
   5.49213 0.71601 3.54331,
   5.39003 0.64640 3.54331,
   5.29945 0.56235 3.54331,
   5.22240 0.46574 3.54331,
   5.16062 0.35872 3.54331,
   5.11547 0.24370 3.54331,
   5.08797 0.12322 3.54331,
   5.07874 -0.00000 3.54331,
   5.08797 -0.12322 3.54331,
   5.11547 -0.24370 3.54331,
   5.16062 -0.35872 3.54331,
   5.22240 -0.46574 3.54331,
   5.29945 -0.56235 3.54331,
   5.39003 -0.64640 3.54331,
   5.49213 -0.71601 3.54331,
   5.60346 -0.76962 3.54331,
   5.72154 -0.80604 3.54331,
   5.84373 -0.82446 3.54331,
   5.96730 -0.82446 3.54331,
   6.08949 -0.80604 3.54331,
   6.20757 -0.76962 3.54331,
   6.31890 -0.71601 3.54331,
   6.42100 -0.64640 3.54331,
   6.51158 -0.56235 3.54331,
   6.58862 -0.46574 3.54331,
   6.65041 -0.35872 3.54331,
   6.69555 -0.24370 3.54331,
   6.72305 -0.12322 3.54331,
   6.73228 0.00000 3.54331,
   6.73228 0.00000 5.59055,
   6.73228 0.00000 5.59055,
   6.72305 -0.12322 5.59055,
   6.69555 -0.24370 5.59055,
   6.65041 -0.35872 5.59055,
   6.58862 -0.46574 5.59055,
   6.51158 -0.56235 5.59055,
   6.42100 -0.64640 5.59055,
   6.31890 -0.71601 5.59055,
   6.20757 -0.76962 5.59055,
   6.08949 -0.80604 5.59055,
   5.96730 -0.82446 5.59055,
   5.84373 -0.82446 5.59055,
   5.72154 -0.80604 5.59055,
   5.60346 -0.76962 5.59055,
   5.49213 -0.71601 5.59055,
   5.39003 -0.64640 5.59055,
   5.29945 -0.56235 5.59055,
   5.22240 -0.46574 5.59055,
   5.16062 -0.35872 5.59055,
   5.11547 -0.24370 5.59055,
   5.08797 -0.12322 5.59055,
   5.07874 0.00000 5.59055,
   5.08797 0.12322 5.59055,
   5.11547 0.24370 5.59055,
   5.16062 0.35872 5.59055,
   5.22240 0.46574 5.59055,
   5.29945 0.56235 5.59055,
   5.39003 0.64640 5.59055,
   5.49213 0.71601 5.59055,
   5.60346 0.76962 5.59055,
   5.72154 0.80604 5.59055,
   5.84373 0.82446 5.59055,
   5.96730 0.82446 5.59055,
   6.08949 0.80604 5.59055,
   6.20757 0.76962 5.59055,
   6.31890 0.71601 5.59055,
   6.42100 0.64640 5.59055,
   6.51158 0.56235 5.59055,
   6.58862 0.46574 5.59055,
   6.65041 0.35872 5.59055,
   6.69555 0.24370 5.59055,
   6.72305 0.12322 5.59055,
   4.76378 0.00000 3.54331,
   4.75455 0.12322 3.54331,
   4.72705 0.24370 3.54331,
   4.68190 0.35872 3.54331,
   4.62012 0.46574 3.54331,
   4.54307 0.56235 3.54331,
   4.45249 0.64640 3.54331,
   4.35039 0.71601 3.54331,
   4.23906 0.76962 3.54331,
   4.12098 0.80604 3.54331,
   3.99879 0.82446 3.54331,
   3.87522 0.82446 3.54331,
   3.75303 0.80604 3.54331,
   3.63495 0.76962 3.54331,
   3.52362 0.71601 3.54331,
   3.42152 0.64640 3.54331,
   3.33094 0.56235 3.54331,
   3.25390 0.46574 3.54331,
   3.19211 0.35872 3.54331,
   3.14697 0.24370 3.54331,
   3.11947 0.12322 3.54331,
   3.11024 -0.00000 3.54331,
   3.11947 -0.12322 3.54331,
   3.14697 -0.24370 3.54331,
   3.19211 -0.35872 3.54331,
   3.25390 -0.46574 3.54331,
   3.33094 -0.56235 3.54331,
   3.42152 -0.64640 3.54331,
   3.52362 -0.71601 3.54331,
   3.63495 -0.76962 3.54331,
   3.75303 -0.80604 3.54331,
   3.87522 -0.82446 3.54331,
   3.99879 -0.82446 3.54331,
   4.12098 -0.80604 3.54331,
   4.23906 -0.76962 3.54331,
   4.35039 -0.71601 3.54331,
   4.45249 -0.64640 3.54331,
   4.54307 -0.56235 3.54331,
   4.62012 -0.46574 3.54331,
   4.68190 -0.35872 3.54331,
   4.72705 -0.24370 3.54331,
   4.75455 -0.12322 3.54331,
   2.79528 0.00000 3.54331,
   2.78604 0.12322 3.54331,
   2.75854 0.24370 3.54331,
   2.71340 0.35872 3.54331,
   2.65161 0.46574 3.54331,
   2.57457 0.56235 3.54331,
   2.48399 0.64640 3.54331,
   2.38189 0.71601 3.54331,
   2.27056 0.76962 3.54331,
   2.15248 0.80604 3.54331,
   2.03029 0.82446 3.54331,
   1.90672 0.82446 3.54331,
   1.78453 0.80604 3.54331,
   1.66645 0.76962 3.54331,
   1.55512 0.71601 3.54331,
   1.45302 0.64640 3.54331,
   1.36244 0.56235 3.54331,
   1.28539 0.46574 3.54331,
   1.22361 0.35872 3.54331,
   1.17846 0.24370 3.54331,
   1.15097 0.12322 3.54331,
   1.14173 -0.00000 3.54331,
   1.15097 -0.12322 3.54331,
   1.17846 -0.24370 3.54331,
   1.22361 -0.35872 3.54331,
   1.28539 -0.46574 3.54331,
   1.36244 -0.56235 3.54331,
   1.45302 -0.64640 3.54331,
   1.55512 -0.71601 3.54331,
   1.66645 -0.76962 3.54331,
   1.78453 -0.80604 3.54331,
   1.90672 -0.82446 3.54331,
   2.03029 -0.82446 3.54331,
   2.15248 -0.80604 3.54331,
   2.27056 -0.76962 3.54331,
   2.38189 -0.71601 3.54331,
   2.48399 -0.64640 3.54331,
   2.57457 -0.56235 3.54331,
   2.65161 -0.46574 3.54331,
   2.71340 -0.35872 3.54331,
   2.75854 -0.24370 3.54331,
   2.78604 -0.12322 3.54331,
   0.82677 0.00000 3.54331,
   0.81754 0.12322 3.54331,
   0.79004 0.24370 3.54331,
   0.74490 0.35872 3.54331,
   0.68311 0.46574 3.54331,
   0.60607 0.56235 3.54331,
   0.51548 0.64640 3.54331,
   0.41339 0.71601 3.54331,
   0.30205 0.76962 3.54331,
   0.18397 0.80604 3.54331,
   0.06178 0.82446 3.54331,
   -0.06178 0.82446 3.54331,
   -0.18397 0.80604 3.54331,
   -0.30205 0.76962 3.54331,
   -0.41339 0.71601 3.54331,
   -0.51548 0.64640 3.54331,
   -0.60607 0.56235 3.54331,
   -0.68311 0.46574 3.54331,
   -0.74490 0.35872 3.54331,
   -0.79004 0.24370 3.54331,
   -0.81754 0.12322 3.54331,
   -0.82677 -0.00000 3.54331,
   -0.81754 -0.12322 3.54331,
   -0.79004 -0.24370 3.54331,
   -0.74490 -0.35872 3.54331,
   -0.68311 -0.46574 3.54331,
   -0.60607 -0.56235 3.54331,
   -0.51548 -0.64640 3.54331,
   -0.41339 -0.71601 3.54331,
   -0.30205 -0.76962 3.54331,
   -0.18397 -0.80604 3.54331,
   -0.06178 -0.82446 3.54331,
   0.06178 -0.82446 3.54331,
   0.18397 -0.80604 3.54331,
   0.30205 -0.76962 3.54331,
   0.41339 -0.71601 3.54331,
   0.51548 -0.64640 3.54331,
   0.60607 -0.56235 3.54331,
   0.68311 -0.46574 3.54331,
   0.74490 -0.35872 3.54331,
   0.79004 -0.24370 3.54331,
   0.81754 -0.12322 3.54331,
   8.70079 0.00000 3.54331,
   8.69155 0.12322 3.54331,
   8.66406 0.24370 3.54331,
   8.61891 0.35872 3.54331,
   8.55713 0.46574 3.54331,
   8.48008 0.56235 3.54331,
   8.38950 0.64640 3.54331,
   8.28740 0.71601 3.54331,
   8.17607 0.76962 3.54331,
   8.05799 0.80604 3.54331,
   7.93580 0.82446 3.54331,
   7.81223 0.82446 3.54331,
   7.69004 0.80604 3.54331,
   7.57196 0.76962 3.54331,
   7.46063 0.71601 3.54331,
   7.35853 0.64640 3.54331,
   7.26795 0.56235 3.54331,
   7.19090 0.46574 3.54331,
   7.12912 0.35872 3.54331,
   7.08398 0.24370 3.54331,
   7.05648 0.12322 3.54331,
   7.04724 -0.00000 3.54331,
   7.05648 -0.12322 3.54331,
   7.08398 -0.24370 3.54331,
   7.12912 -0.35872 3.54331,
   7.19090 -0.46574 3.54331,
   7.26795 -0.56235 3.54331,
   7.35853 -0.64640 3.54331,
   7.46063 -0.71601 3.54331,
   7.57196 -0.76962 3.54331,
   7.69004 -0.80604 3.54331,
   7.81223 -0.82446 3.54331,
   7.93580 -0.82446 3.54331,
   8.05799 -0.80604 3.54331,
   8.17607 -0.76962 3.54331,
   8.28740 -0.71601 3.54331,
   8.38950 -0.64640 3.54331,
   8.48008 -0.56235 3.54331,
   8.55713 -0.46574 3.54331,
   8.61891 -0.35872 3.54331,
   8.66406 -0.24370 3.54331,
   8.69155 -0.12322 3.54331,
   6.73228 0.00000 3.54331,
   6.72305 0.12322 3.54331,
   6.69555 0.24370 3.54331,
   6.65041 0.35872 3.54331,
   6.58862 0.46574 3.54331,
   6.51158 0.56235 3.54331,
   6.42100 0.64640 3.54331,
   6.31890 0.71601 3.54331,
   6.20757 0.76962 3.54331,
   6.08949 0.80604 3.54331,
   5.96730 0.82446 3.54331,
   5.84373 0.82446 3.54331,
   5.72154 0.80604 3.54331,
   5.60346 0.76962 3.54331,
   5.49213 0.71601 3.54331,
   5.39003 0.64640 3.54331,
   5.29945 0.56235 3.54331,
   5.22240 0.46574 3.54331,
   5.16062 0.35872 3.54331,
   5.11547 0.24370 3.54331,
   5.08797 0.12322 3.54331,
   5.07874 -0.00000 3.54331,
   5.08797 -0.12322 3.54331,
   5.11547 -0.24370 3.54331,
   5.16062 -0.35872 3.54331,
   5.22240 -0.46574 3.54331,
   5.29945 -0.56235 3.54331,
   5.39003 -0.64640 3.54331,
   5.49213 -0.71601 3.54331,
   5.60346 -0.76962 3.54331,
   5.72154 -0.80604 3.54331,
   5.84373 -0.82446 3.54331,
   5.96730 -0.82446 3.54331,
   6.08949 -0.80604 3.54331,
   6.20757 -0.76962 3.54331,
   6.31890 -0.71601 3.54331,
   6.42100 -0.64640 3.54331,
   6.51158 -0.56235 3.54331,
   6.58862 -0.46574 3.54331,
   6.65041 -0.35872 3.54331,
   6.69555 -0.24370 3.54331,
   6.72305 -0.12322 3.54331 ] }
  coordIndex [
   4,5,6,-1,
   9,6,7,-1,
   9,4,6,-1,
   10,3,4,-1,
   10,4,9,-1,
   8,9,7,-1,
   0,2,3,-1,
   0,3,10,-1,
   1,10,11,-1,
   1,0,10,-1,
   15,16,17,-1,
   14,15,17,-1,
   13,17,12,-1,
   13,14,17,-1,
   23,20,22,-1,
   26,20,23,-1,
   21,25,22,-1,
   21,22,20,-1,
   27,20,26,-1,
   24,26,23,-1,
   24,25,21,-1,
   29,26,24,-1,
   29,24,21,-1,
   18,20,27,-1,
   18,27,30,-1,
   31,18,30,-1,
   33,27,28,-1,
   33,30,27,-1,
   19,31,32,-1,
   19,32,33,-1,
   19,33,28,-1,
   19,18,31,-1,
   21,19,28,-1,
   21,28,29,-1,
   35,34,36,-1,
   37,35,36,-1,
   40,39,38,-1,
   40,38,41,-1,
   43,44,42,-1,
   45,44,43,-1,
   51,48,50,-1,
   49,53,50,-1,
   49,50,48,-1,
   46,48,51,-1,
   46,51,54,-1,
   55,46,54,-1,
   52,53,49,-1,
   57,51,52,-1,
   57,54,51,-1,
   47,56,57,-1,
   47,57,52,-1,
   47,52,49,-1,
   47,46,55,-1,
   47,55,56,-1,
   61,63,62,-1,
   60,63,61,-1,
   59,58,63,-1,
   59,63,60,-1,
   65,64,66,-1,
   65,66,67,-1,
   70,69,68,-1,
   71,70,68,-1,
   74,72,73,-1,
   74,75,72,-1,
   78,76,77,-1,
   79,76,78,-1,
   81,80,82,-1,
   81,82,83,-1,
   88,89,90,-1,
   88,90,91,-1,
   93,87,88,-1,
   93,88,91,-1,
   94,87,93,-1,
   92,93,91,-1,
   84,86,87,-1,
   85,94,95,-1,
   85,84,87,-1,
   85,87,94,-1,
   106,98,105,-1,
   104,105,98,-1,
   107,98,106,-1,
   103,104,98,-1,
   108,98,107,-1,
   102,103,98,-1,
   109,98,108,-1,
   101,102,98,-1,
   110,98,109,-1,
   100,101,98,-1,
   111,98,110,-1,
   112,98,111,-1,
   99,135,136,-1,
   99,136,137,-1,
   99,137,138,-1,
   99,138,139,-1,
   99,139,140,-1,
   99,140,141,-1,
   99,141,100,-1,
   99,100,98,-1,
   134,135,99,-1,
   133,134,99,-1,
   132,133,99,-1,
   148,115,116,-1,
   148,116,147,-1,
   146,116,117,-1,
   146,147,116,-1,
   149,114,115,-1,
   149,115,148,-1,
   145,117,118,-1,
   145,146,117,-1,
   131,132,99,-1,
   150,113,114,-1,
   150,114,149,-1,
   144,145,118,-1,
   144,118,119,-1,
   151,112,113,-1,
   151,98,112,-1,
   151,113,150,-1,
   130,131,99,-1,
   143,119,120,-1,
   143,144,119,-1,
   152,98,151,-1,
   142,143,120,-1,
   142,120,121,-1,
   142,121,122,-1,
   183,142,122,-1,
   182,183,122,-1,
   182,122,123,-1,
   182,123,124,-1,
   181,182,124,-1,
   180,124,125,-1,
   180,181,124,-1,
   180,125,126,-1,
   179,180,126,-1,
   178,126,127,-1,
   178,179,126,-1,
   177,127,128,-1,
   177,128,129,-1,
   177,178,127,-1,
   176,129,130,-1,
   176,177,129,-1,
   175,176,130,-1,
   175,130,99,-1,
   174,175,99,-1,
   189,158,159,-1,
   190,158,189,-1,
   190,157,158,-1,
   188,189,159,-1,
   191,155,156,-1,
   191,156,157,-1,
   191,157,190,-1,
   187,188,159,-1,
   187,159,160,-1,
   192,155,191,-1,
   186,160,161,-1,
   186,187,160,-1,
   193,154,155,-1,
   193,155,192,-1,
   185,161,162,-1,
   185,186,161,-1,
   184,162,163,-1,
   184,185,162,-1,
   225,184,163,-1,
   225,163,164,-1,
   225,164,165,-1,
   224,165,166,-1,
   224,225,165,-1,
   223,224,166,-1,
   222,223,166,-1,
   222,166,167,-1,
   96,196,197,-1,
   96,197,198,-1,
   96,154,193,-1,
   96,153,154,-1,
   96,193,194,-1,
   96,194,195,-1,
   96,195,196,-1,
   199,96,198,-1,
   221,222,167,-1,
   221,167,168,-1,
   221,168,169,-1,
   200,96,199,-1,
   220,221,169,-1,
   201,96,200,-1,
   219,220,169,-1,
   219,169,170,-1,
   202,96,201,-1,
   218,219,170,-1,
   218,170,171,-1,
   218,171,172,-1,
   203,96,202,-1,
   217,218,172,-1,
   204,96,203,-1,
   205,96,204,-1,
   97,205,206,-1,
   97,206,207,-1,
   97,207,208,-1,
   97,208,209,-1,
   97,209,210,-1,
   97,210,211,-1,
   97,211,212,-1,
   97,212,213,-1,
   97,213,214,-1,
   97,214,215,-1,
   97,215,216,-1,
   97,216,217,-1,
   97,217,172,-1,
   97,172,173,-1,
   97,96,205,-1,
   96,98,152,-1,
   96,152,153,-1,
   99,97,173,-1,
   99,173,174,-1,
   230,231,232,-1,
   235,229,230,-1,
   235,232,233,-1,
   235,230,232,-1,
   236,229,235,-1,
   234,235,233,-1,
   226,228,229,-1,
   226,229,236,-1,
   227,236,237,-1,
   227,226,236,-1,
   241,239,238,-1,
   241,238,240,-1,
   242,245,244,-1,
   242,243,245,-1,
   246,248,249,-1,
   246,249,247,-1,
   253,250,251,-1,
   253,252,250,-1,
   257,255,254,-1,
   257,254,256,-1,
   258,261,260,-1,
   258,259,261,-1,
   262,264,265,-1,
   262,265,263,-1,
   269,266,267,-1,
   269,268,266,-1,
   273,271,270,-1,
   273,270,272,-1,
   274,277,276,-1,
   274,275,277,-1,
   278,280,281,-1,
   278,281,279,-1,
   285,282,283,-1,
   285,284,282,-1,
   289,287,286,-1,
   289,286,288,-1,
   290,293,292,-1,
   290,291,293,-1,
   294,296,297,-1,
   294,297,295,-1,
   301,298,299,-1,
   301,300,298,-1,
   305,303,302,-1,
   305,302,304,-1,
   306,309,308,-1,
   306,307,309,-1,
   310,312,313,-1,
   310,313,311,-1,
   317,314,315,-1,
   317,316,314,-1,
   328,320,327,-1,
   326,327,320,-1,
   329,320,328,-1,
   325,326,320,-1,
   330,320,329,-1,
   324,325,320,-1,
   331,320,330,-1,
   323,324,320,-1,
   332,320,331,-1,
   322,323,320,-1,
   333,320,332,-1,
   334,320,333,-1,
   321,322,320,-1,
   321,358,359,-1,
   321,359,360,-1,
   321,360,361,-1,
   321,361,362,-1,
   321,362,363,-1,
   321,363,322,-1,
   357,358,321,-1,
   356,357,321,-1,
   355,356,321,-1,
   354,355,321,-1,
   369,337,338,-1,
   369,338,339,-1,
   370,336,337,-1,
   370,337,369,-1,
   368,369,339,-1,
   371,336,370,-1,
   367,339,340,-1,
   367,368,339,-1,
   353,354,321,-1,
   372,335,336,-1,
   372,336,371,-1,
   366,340,341,-1,
   366,367,340,-1,
   373,334,335,-1,
   373,335,372,-1,
   352,353,321,-1,
   365,341,342,-1,
   365,366,341,-1,
   364,342,343,-1,
   364,365,342,-1,
   405,343,344,-1,
   405,364,343,-1,
   404,344,345,-1,
   404,345,346,-1,
   404,405,344,-1,
   403,346,347,-1,
   403,404,346,-1,
   318,320,334,-1,
   318,373,374,-1,
   318,374,375,-1,
   318,375,376,-1,
   318,376,377,-1,
   318,377,378,-1,
   318,334,373,-1,
   402,403,347,-1,
   402,347,348,-1,
   379,318,378,-1,
   401,402,348,-1,
   380,318,379,-1,
   400,401,348,-1,
   400,348,349,-1,
   381,318,380,-1,
   399,349,350,-1,
   399,400,349,-1,
   382,318,381,-1,
   398,399,350,-1,
   398,350,351,-1,
   383,318,382,-1,
   397,351,352,-1,
   397,398,351,-1,
   384,318,383,-1,
   319,397,352,-1,
   319,352,321,-1,
   319,386,387,-1,
   319,387,388,-1,
   319,388,389,-1,
   319,389,390,-1,
   319,390,391,-1,
   319,391,392,-1,
   319,392,393,-1,
   319,393,394,-1,
   319,394,395,-1,
   319,395,396,-1,
   319,396,397,-1,
   319,318,385,-1,
   385,318,384,-1,
   319,385,386,-1,
   407,406,408,-1,
   409,407,408,-1,
   411,410,412,-1,
   411,412,413,-1,
   415,416,414,-1,
   417,416,415,-1,
   419,418,461,-1,
   419,461,503,-1,
   420,419,503,-1,
   420,503,502,-1,
   421,420,502,-1,
   421,502,501,-1,
   422,421,501,-1,
   422,501,500,-1,
   423,422,500,-1,
   423,500,499,-1,
   424,423,499,-1,
   424,499,498,-1,
   425,424,498,-1,
   425,498,497,-1,
   426,425,497,-1,
   426,497,496,-1,
   427,426,496,-1,
   427,496,495,-1,
   428,427,495,-1,
   428,494,493,-1,
   428,495,494,-1,
   429,428,493,-1,
   430,429,493,-1,
   430,492,491,-1,
   430,493,492,-1,
   431,430,491,-1,
   431,491,490,-1,
   432,431,490,-1,
   432,490,489,-1,
   433,432,489,-1,
   434,433,489,-1,
   434,488,487,-1,
   434,489,488,-1,
   435,434,487,-1,
   435,487,486,-1,
   436,435,486,-1,
   437,485,484,-1,
   437,486,485,-1,
   437,436,486,-1,
   438,437,484,-1,
   439,483,482,-1,
   439,484,483,-1,
   439,438,484,-1,
   440,439,482,-1,
   441,482,481,-1,
   441,440,482,-1,
   442,481,480,-1,
   442,441,481,-1,
   443,480,479,-1,
   443,442,480,-1,
   444,479,478,-1,
   444,443,479,-1,
   445,478,477,-1,
   445,444,478,-1,
   446,445,477,-1,
   446,477,476,-1,
   447,446,476,-1,
   447,475,474,-1,
   447,476,475,-1,
   448,447,474,-1,
   449,448,474,-1,
   449,473,472,-1,
   449,474,473,-1,
   450,449,472,-1,
   451,450,472,-1,
   451,472,471,-1,
   452,451,471,-1,
   452,470,469,-1,
   452,471,470,-1,
   453,452,469,-1,
   454,453,469,-1,
   454,469,468,-1,
   455,454,468,-1,
   455,468,467,-1,
   456,455,467,-1,
   456,467,466,-1,
   457,466,465,-1,
   457,456,466,-1,
   458,457,465,-1,
   458,465,464,-1,
   459,464,463,-1,
   459,458,464,-1,
   460,463,462,-1,
   460,459,463,-1,
   505,504,547,-1,
   505,547,589,-1,
   506,505,589,-1,
   506,589,588,-1,
   507,506,588,-1,
   507,588,587,-1,
   508,507,587,-1,
   508,587,586,-1,
   509,508,586,-1,
   509,586,585,-1,
   510,509,585,-1,
   510,585,584,-1,
   511,510,584,-1,
   511,584,583,-1,
   512,511,583,-1,
   512,583,582,-1,
   513,512,582,-1,
   513,582,581,-1,
   514,513,581,-1,
   514,580,579,-1,
   514,581,580,-1,
   515,514,579,-1,
   516,515,579,-1,
   516,578,577,-1,
   516,579,578,-1,
   517,516,577,-1,
   517,577,576,-1,
   518,517,576,-1,
   518,576,575,-1,
   519,518,575,-1,
   520,519,575,-1,
   520,574,573,-1,
   520,575,574,-1,
   521,520,573,-1,
   521,573,572,-1,
   522,521,572,-1,
   523,571,570,-1,
   523,572,571,-1,
   523,522,572,-1,
   524,523,570,-1,
   525,569,568,-1,
   525,570,569,-1,
   525,524,570,-1,
   526,525,568,-1,
   527,568,567,-1,
   527,526,568,-1,
   528,567,566,-1,
   528,527,567,-1,
   529,566,565,-1,
   529,528,566,-1,
   530,565,564,-1,
   530,529,565,-1,
   531,564,563,-1,
   531,530,564,-1,
   532,531,563,-1,
   532,563,562,-1,
   533,532,562,-1,
   533,561,560,-1,
   533,562,561,-1,
   534,533,560,-1,
   535,534,560,-1,
   535,559,558,-1,
   535,560,559,-1,
   536,535,558,-1,
   537,536,558,-1,
   537,558,557,-1,
   538,537,557,-1,
   538,556,555,-1,
   538,557,556,-1,
   539,538,555,-1,
   540,539,555,-1,
   540,555,554,-1,
   541,540,554,-1,
   541,554,553,-1,
   542,541,553,-1,
   542,553,552,-1,
   543,552,551,-1,
   543,542,552,-1,
   544,543,551,-1,
   544,551,550,-1,
   545,550,549,-1,
   545,544,550,-1,
   546,549,548,-1,
   546,545,549,-1,
   591,590,633,-1,
   591,633,675,-1,
   592,591,675,-1,
   592,675,674,-1,
   593,592,674,-1,
   593,674,673,-1,
   594,593,673,-1,
   594,673,672,-1,
   595,594,672,-1,
   595,672,671,-1,
   596,595,671,-1,
   596,671,670,-1,
   597,596,670,-1,
   597,670,669,-1,
   598,597,669,-1,
   598,669,668,-1,
   599,598,668,-1,
   599,668,667,-1,
   600,599,667,-1,
   600,666,665,-1,
   600,667,666,-1,
   601,600,665,-1,
   602,601,665,-1,
   602,664,663,-1,
   602,665,664,-1,
   603,602,663,-1,
   603,663,662,-1,
   604,603,662,-1,
   604,662,661,-1,
   605,604,661,-1,
   606,605,661,-1,
   606,660,659,-1,
   606,661,660,-1,
   607,606,659,-1,
   607,659,658,-1,
   608,607,658,-1,
   609,657,656,-1,
   609,658,657,-1,
   609,608,658,-1,
   610,609,656,-1,
   611,655,654,-1,
   611,656,655,-1,
   611,610,656,-1,
   612,611,654,-1,
   613,654,653,-1,
   613,612,654,-1,
   614,653,652,-1,
   614,613,653,-1,
   615,652,651,-1,
   615,614,652,-1,
   616,651,650,-1,
   616,615,651,-1,
   617,650,649,-1,
   617,616,650,-1,
   618,617,649,-1,
   618,649,648,-1,
   619,618,648,-1,
   619,647,646,-1,
   619,648,647,-1,
   620,619,646,-1,
   621,620,646,-1,
   621,645,644,-1,
   621,646,645,-1,
   622,621,644,-1,
   623,622,644,-1,
   623,644,643,-1,
   624,623,643,-1,
   624,642,641,-1,
   624,643,642,-1,
   625,624,641,-1,
   626,625,641,-1,
   626,641,640,-1,
   627,626,640,-1,
   627,640,639,-1,
   628,627,639,-1,
   628,639,638,-1,
   629,638,637,-1,
   629,628,638,-1,
   630,629,637,-1,
   630,637,636,-1,
   631,636,635,-1,
   631,630,636,-1,
   632,635,634,-1,
   632,631,635,-1,
   679,676,677,-1,
   679,678,676,-1,
   683,680,681,-1,
   683,682,680,-1,
   687,684,685,-1,
   687,686,684,-1,
   691,688,689,-1,
   691,690,688,-1,
   695,692,693,-1,
   695,694,692,-1,
   697,696,739,-1,
   697,739,781,-1,
   698,697,781,-1,
   698,781,780,-1,
   699,698,780,-1,
   699,780,779,-1,
   700,699,779,-1,
   700,779,778,-1,
   701,700,778,-1,
   701,778,777,-1,
   702,701,777,-1,
   702,777,776,-1,
   703,702,776,-1,
   703,776,775,-1,
   704,703,775,-1,
   704,775,774,-1,
   705,704,774,-1,
   705,774,773,-1,
   706,705,773,-1,
   706,772,771,-1,
   706,773,772,-1,
   707,706,771,-1,
   708,707,771,-1,
   708,770,769,-1,
   708,771,770,-1,
   709,708,769,-1,
   709,769,768,-1,
   710,709,768,-1,
   710,768,767,-1,
   711,710,767,-1,
   712,711,767,-1,
   712,766,765,-1,
   712,767,766,-1,
   713,712,765,-1,
   713,765,764,-1,
   714,713,764,-1,
   715,763,762,-1,
   715,764,763,-1,
   715,714,764,-1,
   716,715,762,-1,
   717,761,760,-1,
   717,762,761,-1,
   717,716,762,-1,
   718,717,760,-1,
   719,760,759,-1,
   719,718,760,-1,
   720,759,758,-1,
   720,719,759,-1,
   721,758,757,-1,
   721,720,758,-1,
   722,757,756,-1,
   722,721,757,-1,
   723,756,755,-1,
   723,722,756,-1,
   724,723,755,-1,
   724,755,754,-1,
   725,724,754,-1,
   725,753,752,-1,
   725,754,753,-1,
   726,725,752,-1,
   727,726,752,-1,
   727,751,750,-1,
   727,752,751,-1,
   728,727,750,-1,
   729,728,750,-1,
   729,750,749,-1,
   730,729,749,-1,
   730,748,747,-1,
   730,749,748,-1,
   731,730,747,-1,
   732,731,747,-1,
   732,747,746,-1,
   733,732,746,-1,
   733,746,745,-1,
   734,733,745,-1,
   734,745,744,-1,
   735,744,743,-1,
   735,734,744,-1,
   736,735,743,-1,
   736,743,742,-1,
   737,742,741,-1,
   737,736,742,-1,
   738,741,740,-1,
   738,737,741,-1,
   783,782,825,-1,
   783,825,867,-1,
   784,783,867,-1,
   784,867,866,-1,
   785,784,866,-1,
   785,866,865,-1,
   786,785,865,-1,
   786,865,864,-1,
   787,786,864,-1,
   787,864,863,-1,
   788,787,863,-1,
   788,863,862,-1,
   789,788,862,-1,
   789,862,861,-1,
   790,789,861,-1,
   790,861,860,-1,
   791,790,860,-1,
   791,860,859,-1,
   792,791,859,-1,
   792,858,857,-1,
   792,859,858,-1,
   793,792,857,-1,
   794,793,857,-1,
   794,856,855,-1,
   794,857,856,-1,
   795,794,855,-1,
   795,855,854,-1,
   796,795,854,-1,
   796,854,853,-1,
   797,796,853,-1,
   798,797,853,-1,
   798,852,851,-1,
   798,853,852,-1,
   799,798,851,-1,
   799,851,850,-1,
   800,799,850,-1,
   801,849,848,-1,
   801,850,849,-1,
   801,800,850,-1,
   802,801,848,-1,
   803,847,846,-1,
   803,848,847,-1,
   803,802,848,-1,
   804,803,846,-1,
   805,846,845,-1,
   805,804,846,-1,
   806,845,844,-1,
   806,805,845,-1,
   807,844,843,-1,
   807,806,844,-1,
   808,843,842,-1,
   808,807,843,-1,
   809,842,841,-1,
   809,808,842,-1,
   810,809,841,-1,
   810,841,840,-1,
   811,810,840,-1,
   811,839,838,-1,
   811,840,839,-1,
   812,811,838,-1,
   813,812,838,-1,
   813,837,836,-1,
   813,838,837,-1,
   814,813,836,-1,
   815,814,836,-1,
   815,836,835,-1,
   816,815,835,-1,
   816,834,833,-1,
   816,835,834,-1,
   817,816,833,-1,
   818,817,833,-1,
   818,833,832,-1,
   819,818,832,-1,
   819,832,831,-1,
   820,819,831,-1,
   820,831,830,-1,
   821,830,829,-1,
   821,820,830,-1,
   822,821,829,-1,
   822,829,828,-1,
   823,828,827,-1,
   823,822,828,-1,
   824,827,826,-1,
   824,823,827,-1,
   898,896,897,-1,
   889,890,891,-1,
   902,900,901,-1,
   886,887,888,-1,
   886,888,889,-1,
   886,891,892,-1,
   886,892,893,-1,
   886,893,894,-1,
   886,894,895,-1,
   886,895,896,-1,
   886,898,899,-1,
   886,896,898,-1,
   886,889,891,-1,
   904,902,903,-1,
   884,885,886,-1,
   905,902,904,-1,
   883,884,886,-1,
   906,899,900,-1,
   906,900,902,-1,
   906,902,905,-1,
   882,883,886,-1,
   880,881,882,-1,
   909,907,908,-1,
   868,907,909,-1,
   868,906,907,-1,
   876,880,882,-1,
   876,868,869,-1,
   876,906,868,-1,
   876,877,878,-1,
   876,878,879,-1,
   876,879,880,-1,
   876,886,899,-1,
   876,899,906,-1,
   876,882,886,-1,
   871,869,870,-1,
   872,869,871,-1,
   874,875,876,-1,
   873,876,869,-1,
   873,874,876,-1,
   873,869,872,-1,
   941,938,939,-1,
   941,939,940,-1,
   931,932,933,-1,
   944,941,942,-1,
   944,942,943,-1,
   945,941,944,-1,
   927,928,929,-1,
   927,929,930,-1,
   926,930,931,-1,
   926,927,930,-1,
   947,945,946,-1,
   924,925,926,-1,
   910,949,950,-1,
   910,950,951,-1,
   911,933,934,-1,
   911,934,935,-1,
   911,935,936,-1,
   911,936,937,-1,
   911,937,938,-1,
   911,947,948,-1,
   911,948,949,-1,
   911,938,941,-1,
   911,931,933,-1,
   911,941,945,-1,
   911,945,947,-1,
   911,949,910,-1,
   917,918,919,-1,
   914,912,913,-1,
   916,919,920,-1,
   916,920,921,-1,
   916,921,922,-1,
   916,917,919,-1,
   915,911,912,-1,
   915,922,923,-1,
   915,923,924,-1,
   915,916,922,-1,
   915,912,914,-1,
   915,924,926,-1,
   915,926,931,-1,
   915,931,911,-1,
   982,980,981,-1,
   986,983,984,-1,
   986,984,985,-1,
   970,971,972,-1,
   970,972,973,-1,
   970,973,974,-1,
   970,974,975,-1,
   970,975,976,-1,
   987,983,986,-1,
   967,968,969,-1,
   967,969,970,-1,
   990,987,988,-1,
   990,988,989,-1,
   966,967,970,-1,
   992,977,978,-1,
   992,978,979,-1,
   992,979,980,-1,
   992,982,983,-1,
   992,990,991,-1,
   992,980,982,-1,
   992,983,987,-1,
   992,987,990,-1,
   964,965,966,-1,
   952,976,977,-1,
   952,992,993,-1,
   952,977,992,-1,
   954,952,953,-1,
   960,961,962,-1,
   960,962,963,-1,
   960,963,964,-1,
   956,954,955,-1,
   957,964,966,-1,
   957,976,952,-1,
   957,958,959,-1,
   957,959,960,-1,
   957,960,964,-1,
   957,952,954,-1,
   957,954,956,-1,
   957,970,976,-1,
   957,966,970,-1,
   1018,1019,1020,-1,
   1027,1022,1023,-1,
   1027,1023,1024,-1,
   1027,1024,1025,-1,
   1027,1025,1026,-1,
   1011,1012,1013,-1,
   1031,1028,1029,-1,
   1031,1029,1030,-1,
   1032,1027,1028,-1,
   1032,1028,1031,-1,
   1033,1027,1032,-1,
   1006,1007,1008,-1,
   1035,1033,1034,-1,
   1005,1006,1008,-1,
   1005,1008,1009,-1,
   1005,1009,1010,-1,
   1005,1010,1011,-1,
   995,1033,1035,-1,
   995,1015,1016,-1,
   995,1016,1017,-1,
   995,1017,1018,-1,
   995,1020,1021,-1,
   995,1021,1022,-1,
   995,1035,994,-1,
   995,1018,1020,-1,
   995,1022,1027,-1,
   995,1027,1033,-1,
   1003,1004,1005,-1,
   1002,1003,1005,-1,
   1002,1005,1011,-1,
   998,995,996,-1,
   998,996,997,-1,
   999,1000,1001,-1,
   999,1001,1002,-1,
   999,995,998,-1,
   999,1002,1011,-1,
   999,1013,1014,-1,
   999,1014,1015,-1,
   999,1011,1013,-1,
   999,1015,995,-1,
   1060,1061,1062,-1,
   1069,1064,1065,-1,
   1069,1065,1066,-1,
   1069,1066,1067,-1,
   1069,1067,1068,-1,
   1053,1054,1055,-1,
   1073,1070,1071,-1,
   1073,1071,1072,-1,
   1074,1069,1070,-1,
   1074,1070,1073,-1,
   1075,1069,1074,-1,
   1048,1049,1050,-1,
   1077,1075,1076,-1,
   1047,1048,1050,-1,
   1047,1050,1051,-1,
   1047,1051,1052,-1,
   1047,1052,1053,-1,
   1037,1075,1077,-1,
   1037,1057,1058,-1,
   1037,1058,1059,-1,
   1037,1059,1060,-1,
   1037,1062,1063,-1,
   1037,1063,1064,-1,
   1037,1077,1036,-1,
   1037,1060,1062,-1,
   1037,1064,1069,-1,
   1037,1069,1075,-1,
   1045,1046,1047,-1,
   1044,1045,1047,-1,
   1044,1047,1053,-1,
   1040,1037,1038,-1,
   1040,1038,1039,-1,
   1041,1042,1043,-1,
   1041,1043,1044,-1,
   1041,1037,1040,-1,
   1041,1044,1053,-1,
   1041,1055,1056,-1,
   1041,1056,1057,-1,
   1041,1053,1055,-1,
   1041,1057,1037,-1 ] }
}
DEF screws Shape {
 appearance Appearance { material Material { diffuseColor 0.600 0.610 0.640 specularColor 0.5 0.5 0.5 shininess 0.6 } }
 geometry IndexedFaceSet { creaseAngle 0.5
  coord Coordinate { point [
   0.78740 0.00000 3.54331,
   0.78740 0.00000 4.56693,
   0.78740 0.00000 3.54331,
   0.77861 0.11736 3.54331,
   0.75242 0.23209 3.54331,
   0.70942 0.34164 3.54331,
   0.65058 0.44356 3.54331,
   0.57721 0.53557 3.54331,
   0.49094 0.61562 3.54331,
   0.39370 0.68191 3.54331,
   0.28767 0.73297 3.54331,
   0.17521 0.76766 3.54331,
   0.05884 0.78520 3.54331,
   -0.05884 0.78520 3.54331,
   -0.17521 0.76766 3.54331,
   -0.28767 0.73297 3.54331,
   -0.39370 0.68191 3.54331,
   -0.49094 0.61562 3.54331,
   -0.57721 0.53557 3.54331,
   -0.65058 0.44356 3.54331,
   -0.70942 0.34164 3.54331,
   -0.75242 0.23209 3.54331,
   -0.77861 0.11736 3.54331,
   -0.78740 -0.00000 3.54331,
   -0.77861 -0.11736 3.54331,
   -0.75242 -0.23209 3.54331,
   -0.70942 -0.34164 3.54331,
   -0.65058 -0.44356 3.54331,
   -0.57721 -0.53557 3.54331,
   -0.49094 -0.61562 3.54331,
   -0.39370 -0.68191 3.54331,
   -0.28767 -0.73297 3.54331,
   -0.17521 -0.76766 3.54331,
   -0.05884 -0.78520 3.54331,
   0.05884 -0.78520 3.54331,
   0.17521 -0.76766 3.54331,
   0.28767 -0.73297 3.54331,
   0.39370 -0.68191 3.54331,
   0.49094 -0.61562 3.54331,
   0.57721 -0.53557 3.54331,
   0.65058 -0.44356 3.54331,
   0.70942 -0.34164 3.54331,
   0.75242 -0.23209 3.54331,
   0.77861 -0.11736 3.54331,
   0.78740 0.00000 4.56693,
   0.77849 0.11811 4.56693,
   0.78344 0.07891 4.56693,
   0.78641 0.03950 4.56693,
   0.77849 0.11811 4.88189,
   0.75415 0.22640 4.88189,
   0.71483 0.33019 4.88189,
   0.66130 0.42742 4.88189,
   0.59463 0.51615 4.88189,
   0.51615 0.59463 4.88189,
   0.42742 0.66130 4.88189,
   0.33019 0.71483 4.88189,
   0.22640 0.75415 4.88189,
   0.11811 0.77849 4.88189,
   0.11811 0.77849 4.56693,
   -0.11811 0.77849 4.56693,
   -0.03950 0.78641 4.56693,
   0.03950 0.78641 4.56693,
   -0.11811 0.77849 4.88189,
   -0.22640 0.75415 4.88189,
   -0.33019 0.71483 4.88189,
   -0.42742 0.66130 4.88189,
   -0.51615 0.59463 4.88189,
   -0.59463 0.51615 4.88189,
   -0.66130 0.42742 4.88189,
   -0.71483 0.33019 4.88189,
   -0.75415 0.22640 4.88189,
   -0.77849 0.11811 4.88189,
   -0.77849 0.11811 4.56693,
   -0.77849 -0.11811 4.56693,
   -0.78641 -0.03950 4.56693,
   -0.78641 0.03950 4.56693,
   -0.77849 -0.11811 4.88189,
   -0.75415 -0.22640 4.88189,
   -0.71483 -0.33019 4.88189,
   -0.66130 -0.42742 4.88189,
   -0.59463 -0.51615 4.88189,
   -0.51615 -0.59463 4.88189,
   -0.42742 -0.66130 4.88189,
   -0.33019 -0.71483 4.88189,
   -0.22640 -0.75415 4.88189,
   -0.11811 -0.77849 4.88189,
   -0.11811 -0.77849 4.56693,
   0.11811 -0.77849 4.56693,
   0.03950 -0.78641 4.56693,
   -0.03950 -0.78641 4.56693,
   0.11811 -0.77849 4.88189,
   0.22640 -0.75415 4.88189,
   0.33019 -0.71483 4.88189,
   0.42742 -0.66130 4.88189,
   0.51615 -0.59463 4.88189,
   0.59463 -0.51615 4.88189,
   0.66130 -0.42742 4.88189,
   0.71483 -0.33019 4.88189,
   0.75415 -0.22640 4.88189,
   0.77849 -0.11811 4.88189,
   0.77849 -0.11811 4.56693,
   0.78641 -0.03950 4.56693,
   0.78344 -0.07891 4.56693,
   0.11811 0.11811 4.56693,
   0.77849 0.11811 4.56693,
   0.11811 0.77849 4.56693,
   -0.11811 0.77849 4.56693,
   -0.03950 0.78641 4.56693,
   0.03950 0.78641 4.56693,
   -0.11811 0.11811 4.56693,
   -0.77849 0.11811 4.56693,
   -0.77849 -0.11811 4.56693,
   -0.78641 -0.03950 4.56693,
   -0.78641 0.03950 4.56693,
   -0.11811 -0.11811 4.56693,
   -0.11811 -0.77849 4.56693,
   0.11811 -0.77849 4.56693,
   0.03950 -0.78641 4.56693,
   -0.03950 -0.78641 4.56693,
   0.11811 -0.11811 4.56693,
   0.77849 -0.11811 4.56693,
   0.78740 0.00000 4.56693,
   0.78641 -0.03950 4.56693,
   0.78344 -0.07891 4.56693,
   0.78344 0.07891 4.56693,
   0.78641 0.03950 4.56693,
   0.11811 -0.11811 4.56693,
   0.77849 -0.11811 4.56693,
   0.11811 -0.11811 4.88189,
   0.77849 -0.11811 4.88189,
   0.11811 -0.77849 4.88189,
   0.11811 -0.11811 4.88189,
   0.22640 -0.75415 4.88189,
   0.33019 -0.71483 4.88189,
   0.42742 -0.66130 4.88189,
   0.51615 -0.59463 4.88189,
   0.59463 -0.51615 4.88189,
   0.66130 -0.42742 4.88189,
   0.71483 -0.33019 4.88189,
   0.75415 -0.22640 4.88189,
   0.77849 -0.11811 4.88189,
   0.11811 -0.77849 4.88189,
   0.11811 -0.77849 4.56693,
   0.11811 -0.11811 4.56693,
   0.11811 -0.11811 4.88189,
   -0.11811 -0.77849 4.88189,
   -0.11811 -0.77849 4.56693,
   -0.11811 -0.11811 4.56693,
   -0.11811 -0.11811 4.88189,
   -0.11811 -0.11811 4.88189,
   -0.77849 -0.11811 4.88189,
   -0.75415 -0.22640 4.88189,
   -0.71483 -0.33019 4.88189,
   -0.66130 -0.42742 4.88189,
   -0.59463 -0.51615 4.88189,
   -0.51615 -0.59463 4.88189,
   -0.42742 -0.66130 4.88189,
   -0.33019 -0.71483 4.88189,
   -0.22640 -0.75415 4.88189,
   -0.11811 -0.77849 4.88189,
   -0.77849 -0.11811 4.56693,
   -0.11811 -0.11811 4.56693,
   -0.77849 -0.11811 4.88189,
   -0.11811 -0.11811 4.88189,
   -0.77849 0.11811 4.56693,
   -0.11811 0.11811 4.56693,
   -0.77849 0.11811 4.88189,
   -0.11811 0.11811 4.88189,
   -0.11811 0.11811 4.88189,
   -0.77849 0.11811 4.88189,
   -0.11811 0.77849 4.88189,
   -0.22640 0.75415 4.88189,
   -0.33019 0.71483 4.88189,
   -0.42742 0.66130 4.88189,
   -0.51615 0.59463 4.88189,
   -0.59463 0.51615 4.88189,
   -0.66130 0.42742 4.88189,
   -0.71483 0.33019 4.88189,
   -0.75415 0.22640 4.88189,
   -0.11811 0.11811 4.56693,
   -0.11811 0.77849 4.56693,
   -0.11811 0.77849 4.88189,
   -0.11811 0.11811 4.88189,
   0.11811 0.11811 4.56693,
   0.11811 0.77849 4.56693,
   0.11811 0.77849 4.88189,
   0.11811 0.11811 4.88189,
   0.77849 0.11811 4.88189,
   0.11811 0.11811 4.88189,
   0.75415 0.22640 4.88189,
   0.71483 0.33019 4.88189,
   0.66130 0.42742 4.88189,
   0.59463 0.51615 4.88189,
   0.51615 0.59463 4.88189,
   0.42742 0.66130 4.88189,
   0.33019 0.71483 4.88189,
   0.22640 0.75415 4.88189,
   0.11811 0.77849 4.88189,
   0.11811 0.11811 4.56693,
   0.77849 0.11811 4.56693,
   0.11811 0.11811 4.88189,
   0.77849 0.11811 4.88189,
   0.78740 0.00000 3.54331,
   0.77861 0.11736 3.54331,
   0.75242 0.23209 3.54331,
   0.70942 0.34164 3.54331,
   0.65058 0.44356 3.54331,
   0.57721 0.53557 3.54331,
   0.49094 0.61562 3.54331,
   0.39370 0.68191 3.54331,
   0.28767 0.73297 3.54331,
   0.17521 0.76766 3.54331,
   0.05884 0.78520 3.54331,
   -0.05884 0.78520 3.54331,
   -0.17521 0.76766 3.54331,
   -0.28767 0.73297 3.54331,
   -0.39370 0.68191 3.54331,
   -0.49094 0.61562 3.54331,
   -0.57721 0.53557 3.54331,
   -0.65058 0.44356 3.54331,
   -0.70942 0.34164 3.54331,
   -0.75242 0.23209 3.54331,
   -0.77861 0.11736 3.54331,
   -0.78740 -0.00000 3.54331,
   -0.77861 -0.11736 3.54331,
   -0.75242 -0.23209 3.54331,
   -0.70942 -0.34164 3.54331,
   -0.65058 -0.44356 3.54331,
   -0.57721 -0.53557 3.54331,
   -0.49094 -0.61562 3.54331,
   -0.39370 -0.68191 3.54331,
   -0.28767 -0.73297 3.54331,
   -0.17521 -0.76766 3.54331,
   -0.05884 -0.78520 3.54331,
   0.05884 -0.78520 3.54331,
   0.17521 -0.76766 3.54331,
   0.28767 -0.73297 3.54331,
   0.39370 -0.68191 3.54331,
   0.49094 -0.61562 3.54331,
   0.57721 -0.53557 3.54331,
   0.65058 -0.44356 3.54331,
   0.70942 -0.34164 3.54331,
   0.75242 -0.23209 3.54331,
   0.77861 -0.11736 3.54331,
   2.75591 0.00000 3.54331,
   2.75591 0.00000 4.56693,
   2.75591 0.00000 3.54331,
   2.74711 0.11736 3.54331,
   2.72092 0.23209 3.54331,
   2.67793 0.34164 3.54331,
   2.61909 0.44356 3.54331,
   2.54571 0.53557 3.54331,
   2.45944 0.61562 3.54331,
   2.36220 0.68191 3.54331,
   2.25617 0.73297 3.54331,
   2.14372 0.76766 3.54331,
   2.02735 0.78520 3.54331,
   1.90966 0.78520 3.54331,
   1.79329 0.76766 3.54331,
   1.68083 0.73297 3.54331,
   1.57480 0.68191 3.54331,
   1.47757 0.61562 3.54331,
   1.39130 0.53557 3.54331,
   1.31792 0.44356 3.54331,
   1.25908 0.34164 3.54331,
   1.21608 0.23209 3.54331,
   1.18990 0.11736 3.54331,
   1.18110 -0.00000 3.54331,
   1.18990 -0.11736 3.54331,
   1.21608 -0.23209 3.54331,
   1.25908 -0.34164 3.54331,
   1.31792 -0.44356 3.54331,
   1.39130 -0.53557 3.54331,
   1.47757 -0.61562 3.54331,
   1.57480 -0.68191 3.54331,
   1.68083 -0.73297 3.54331,
   1.79329 -0.76766 3.54331,
   1.90966 -0.78520 3.54331,
   2.02735 -0.78520 3.54331,
   2.14372 -0.76766 3.54331,
   2.25617 -0.73297 3.54331,
   2.36220 -0.68191 3.54331,
   2.45944 -0.61562 3.54331,
   2.54571 -0.53557 3.54331,
   2.61909 -0.44356 3.54331,
   2.67793 -0.34164 3.54331,
   2.72092 -0.23209 3.54331,
   2.74711 -0.11736 3.54331,
   2.75591 0.00000 4.56693,
   2.74700 0.11811 4.56693,
   2.75194 0.07891 4.56693,
   2.75491 0.03950 4.56693,
   2.74700 0.11811 4.88189,
   2.72266 0.22640 4.88189,
   2.68333 0.33019 4.88189,
   2.62980 0.42742 4.88189,
   2.56314 0.51615 4.88189,
   2.48466 0.59463 4.88189,
   2.39592 0.66130 4.88189,
   2.29869 0.71483 4.88189,
   2.19490 0.75415 4.88189,
   2.08661 0.77849 4.88189,
   2.08661 0.77849 4.56693,
   1.85039 0.77849 4.56693,
   1.92900 0.78641 4.56693,
   2.00801 0.78641 4.56693,
   1.85039 0.77849 4.88189,
   1.74211 0.75415 4.88189,
   1.63832 0.71483 4.88189,
   1.54109 0.66130 4.88189,
   1.45235 0.59463 4.88189,
   1.37387 0.51615 4.88189,
   1.30720 0.42742 4.88189,
   1.25368 0.33019 4.88189,
   1.21435 0.22640 4.88189,
   1.19001 0.11811 4.88189,
   1.19001 0.11811 4.56693,
   1.19001 -0.11811 4.56693,
   1.18209 -0.03950 4.56693,
   1.18209 0.03950 4.56693,
   1.19001 -0.11811 4.88189,
   1.21435 -0.22640 4.88189,
   1.25368 -0.33019 4.88189,
   1.30720 -0.42742 4.88189,
   1.37387 -0.51615 4.88189,
   1.45235 -0.59463 4.88189,
   1.54109 -0.66130 4.88189,
   1.63832 -0.71483 4.88189,
   1.74211 -0.75415 4.88189,
   1.85039 -0.77849 4.88189,
   1.85039 -0.77849 4.56693,
   2.08661 -0.77849 4.56693,
   2.00801 -0.78641 4.56693,
   1.92900 -0.78641 4.56693,
   2.08661 -0.77849 4.88189,
   2.19490 -0.75415 4.88189,
   2.29869 -0.71483 4.88189,
   2.39592 -0.66130 4.88189,
   2.48466 -0.59463 4.88189,
   2.56314 -0.51615 4.88189,
   2.62980 -0.42742 4.88189,
   2.68333 -0.33019 4.88189,
   2.72266 -0.22640 4.88189,
   2.74700 -0.11811 4.88189,
   2.74700 -0.11811 4.56693,
   2.75491 -0.03950 4.56693,
   2.75194 -0.07891 4.56693,
   2.08661 0.11811 4.56693,
   2.74700 0.11811 4.56693,
   2.08661 0.77849 4.56693,
   1.85039 0.77849 4.56693,
   1.92900 0.78641 4.56693,
   2.00801 0.78641 4.56693,
   1.85039 0.11811 4.56693,
   1.19001 0.11811 4.56693,
   1.19001 -0.11811 4.56693,
   1.18209 -0.03950 4.56693,
   1.18209 0.03950 4.56693,
   1.85039 -0.11811 4.56693,
   1.85039 -0.77849 4.56693,
   2.08661 -0.77849 4.56693,
   2.00801 -0.78641 4.56693,
   1.92900 -0.78641 4.56693,
   2.08661 -0.11811 4.56693,
   2.74700 -0.11811 4.56693,
   2.75591 0.00000 4.56693,
   2.75491 -0.03950 4.56693,
   2.75194 -0.07891 4.56693,
   2.75194 0.07891 4.56693,
   2.75491 0.03950 4.56693,
   2.08661 -0.11811 4.56693,
   2.74700 -0.11811 4.56693,
   2.08661 -0.11811 4.88189,
   2.74700 -0.11811 4.88189,
   2.08661 -0.77849 4.88189,
   2.08661 -0.11811 4.88189,
   2.19490 -0.75415 4.88189,
   2.29869 -0.71483 4.88189,
   2.39592 -0.66130 4.88189,
   2.48466 -0.59463 4.88189,
   2.56314 -0.51615 4.88189,
   2.62980 -0.42742 4.88189,
   2.68333 -0.33019 4.88189,
   2.72266 -0.22640 4.88189,
   2.74700 -0.11811 4.88189,
   2.08661 -0.77849 4.88189,
   2.08661 -0.77849 4.56693,
   2.08661 -0.11811 4.56693,
   2.08661 -0.11811 4.88189,
   1.85039 -0.77849 4.88189,
   1.85039 -0.77849 4.56693,
   1.85039 -0.11811 4.56693,
   1.85039 -0.11811 4.88189,
   1.85039 -0.11811 4.88189,
   1.19001 -0.11811 4.88189,
   1.21435 -0.22640 4.88189,
   1.25368 -0.33019 4.88189,
   1.30720 -0.42742 4.88189,
   1.37387 -0.51615 4.88189,
   1.45235 -0.59463 4.88189,
   1.54109 -0.66130 4.88189,
   1.63832 -0.71483 4.88189,
   1.74211 -0.75415 4.88189,
   1.85039 -0.77849 4.88189,
   1.19001 -0.11811 4.56693,
   1.85039 -0.11811 4.56693,
   1.19001 -0.11811 4.88189,
   1.85039 -0.11811 4.88189,
   1.19001 0.11811 4.56693,
   1.85039 0.11811 4.56693,
   1.19001 0.11811 4.88189,
   1.85039 0.11811 4.88189,
   1.85039 0.11811 4.88189,
   1.19001 0.11811 4.88189,
   1.85039 0.77849 4.88189,
   1.74211 0.75415 4.88189,
   1.63832 0.71483 4.88189,
   1.54109 0.66130 4.88189,
   1.45235 0.59463 4.88189,
   1.37387 0.51615 4.88189,
   1.30720 0.42742 4.88189,
   1.25368 0.33019 4.88189,
   1.21435 0.22640 4.88189,
   1.85039 0.11811 4.56693,
   1.85039 0.77849 4.56693,
   1.85039 0.77849 4.88189,
   1.85039 0.11811 4.88189,
   2.08661 0.11811 4.56693,
   2.08661 0.77849 4.56693,
   2.08661 0.77849 4.88189,
   2.08661 0.11811 4.88189,
   2.74700 0.11811 4.88189,
   2.08661 0.11811 4.88189,
   2.72266 0.22640 4.88189,
   2.68333 0.33019 4.88189,
   2.62980 0.42742 4.88189,
   2.56314 0.51615 4.88189,
   2.48466 0.59463 4.88189,
   2.39592 0.66130 4.88189,
   2.29869 0.71483 4.88189,
   2.19490 0.75415 4.88189,
   2.08661 0.77849 4.88189,
   2.08661 0.11811 4.56693,
   2.74700 0.11811 4.56693,
   2.08661 0.11811 4.88189,
   2.74700 0.11811 4.88189,
   2.75591 0.00000 3.54331,
   2.74711 0.11736 3.54331,
   2.72092 0.23209 3.54331,
   2.67793 0.34164 3.54331,
   2.61909 0.44356 3.54331,
   2.54571 0.53557 3.54331,
   2.45944 0.61562 3.54331,
   2.36220 0.68191 3.54331,
   2.25617 0.73297 3.54331,
   2.14372 0.76766 3.54331,
   2.02735 0.78520 3.54331,
   1.90966 0.78520 3.54331,
   1.79329 0.76766 3.54331,
   1.68083 0.73297 3.54331,
   1.57480 0.68191 3.54331,
   1.47757 0.61562 3.54331,
   1.39130 0.53557 3.54331,
   1.31792 0.44356 3.54331,
   1.25908 0.34164 3.54331,
   1.21608 0.23209 3.54331,
   1.18990 0.11736 3.54331,
   1.18110 -0.00000 3.54331,
   1.18990 -0.11736 3.54331,
   1.21608 -0.23209 3.54331,
   1.25908 -0.34164 3.54331,
   1.31792 -0.44356 3.54331,
   1.39130 -0.53557 3.54331,
   1.47757 -0.61562 3.54331,
   1.57480 -0.68191 3.54331,
   1.68083 -0.73297 3.54331,
   1.79329 -0.76766 3.54331,
   1.90966 -0.78520 3.54331,
   2.02735 -0.78520 3.54331,
   2.14372 -0.76766 3.54331,
   2.25617 -0.73297 3.54331,
   2.36220 -0.68191 3.54331,
   2.45944 -0.61562 3.54331,
   2.54571 -0.53557 3.54331,
   2.61909 -0.44356 3.54331,
   2.67793 -0.34164 3.54331,
   2.72092 -0.23209 3.54331,
   2.74711 -0.11736 3.54331,
   4.72441 0.00000 3.54331,
   4.72441 0.00000 4.56693,
   4.72441 0.00000 3.54331,
   4.71561 0.11736 3.54331,
   4.68943 0.23209 3.54331,
   4.64643 0.34164 3.54331,
   4.58759 0.44356 3.54331,
   4.51421 0.53557 3.54331,
   4.42794 0.61562 3.54331,
   4.33071 0.68191 3.54331,
   4.22468 0.73297 3.54331,
   4.11222 0.76766 3.54331,
   3.99585 0.78520 3.54331,
   3.87817 0.78520 3.54331,
   3.76179 0.76766 3.54331,
   3.64934 0.73297 3.54331,
   3.54331 0.68191 3.54331,
   3.44607 0.61562 3.54331,
   3.35980 0.53557 3.54331,
   3.28643 0.44356 3.54331,
   3.22758 0.34164 3.54331,
   3.18459 0.23209 3.54331,
   3.15840 0.11736 3.54331,
   3.14961 -0.00000 3.54331,
   3.15840 -0.11736 3.54331,
   3.18459 -0.23209 3.54331,
   3.22758 -0.34164 3.54331,
   3.28643 -0.44356 3.54331,
   3.35980 -0.53557 3.54331,
   3.44607 -0.61562 3.54331,
   3.54331 -0.68191 3.54331,
   3.64934 -0.73297 3.54331,
   3.76179 -0.76766 3.54331,
   3.87817 -0.78520 3.54331,
   3.99585 -0.78520 3.54331,
   4.11222 -0.76766 3.54331,
   4.22468 -0.73297 3.54331,
   4.33071 -0.68191 3.54331,
   4.42794 -0.61562 3.54331,
   4.51421 -0.53557 3.54331,
   4.58759 -0.44356 3.54331,
   4.64643 -0.34164 3.54331,
   4.68943 -0.23209 3.54331,
   4.71561 -0.11736 3.54331,
   4.72441 0.00000 4.56693,
   4.71550 0.11811 4.56693,
   4.72045 0.07891 4.56693,
   4.72342 0.03950 4.56693,
   4.71550 0.11811 4.88189,
   4.69116 0.22640 4.88189,
   4.65184 0.33019 4.88189,
   4.59831 0.42742 4.88189,
   4.53164 0.51615 4.88189,
   4.45316 0.59463 4.88189,
   4.36442 0.66130 4.88189,
   4.26719 0.71483 4.88189,
   4.16341 0.75415 4.88189,
   4.05512 0.77849 4.88189,
   4.05512 0.77849 4.56693,
   3.81890 0.77849 4.56693,
   3.89751 0.78641 4.56693,
   3.97651 0.78641 4.56693,
   3.81890 0.77849 4.88189,
   3.71061 0.75415 4.88189,
   3.60682 0.71483 4.88189,
   3.50959 0.66130 4.88189,
   3.42086 0.59463 4.88189,
   3.34237 0.51615 4.88189,
   3.27571 0.42742 4.88189,
   3.22218 0.33019 4.88189,
   3.18286 0.22640 4.88189,
   3.15851 0.11811 4.88189,
   3.15851 0.11811 4.56693,
   3.15851 -0.11811 4.56693,
   3.15060 -0.03950 4.56693,
   3.15060 0.03950 4.56693,
   3.15851 -0.11811 4.88189,
   3.18286 -0.22640 4.88189,
   3.22218 -0.33019 4.88189,
   3.27571 -0.42742 4.88189,
   3.34237 -0.51615 4.88189,
   3.42086 -0.59463 4.88189,
   3.50959 -0.66130 4.88189,
   3.60682 -0.71483 4.88189,
   3.71061 -0.75415 4.88189,
   3.81890 -0.77849 4.88189,
   3.81890 -0.77849 4.56693,
   4.05512 -0.77849 4.56693,
   3.97651 -0.78641 4.56693,
   3.89751 -0.78641 4.56693,
   4.05512 -0.77849 4.88189,
   4.16341 -0.75415 4.88189,
   4.26719 -0.71483 4.88189,
   4.36442 -0.66130 4.88189,
   4.45316 -0.59463 4.88189,
   4.53164 -0.51615 4.88189,
   4.59831 -0.42742 4.88189,
   4.65184 -0.33019 4.88189,
   4.69116 -0.22640 4.88189,
   4.71550 -0.11811 4.88189,
   4.71550 -0.11811 4.56693,
   4.72342 -0.03950 4.56693,
   4.72045 -0.07891 4.56693,
   4.05512 0.11811 4.56693,
   4.71550 0.11811 4.56693,
   4.05512 0.77849 4.56693,
   3.81890 0.77849 4.56693,
   3.89751 0.78641 4.56693,
   3.97651 0.78641 4.56693,
   3.81890 0.11811 4.56693,
   3.15851 0.11811 4.56693,
   3.15851 -0.11811 4.56693,
   3.15060 -0.03950 4.56693,
   3.15060 0.03950 4.56693,
   3.81890 -0.11811 4.56693,
   3.81890 -0.77849 4.56693,
   4.05512 -0.77849 4.56693,
   3.97651 -0.78641 4.56693,
   3.89751 -0.78641 4.56693,
   4.05512 -0.11811 4.56693,
   4.71550 -0.11811 4.56693,
   4.72441 0.00000 4.56693,
   4.72342 -0.03950 4.56693,
   4.72045 -0.07891 4.56693,
   4.72045 0.07891 4.56693,
   4.72342 0.03950 4.56693,
   4.05512 -0.11811 4.56693,
   4.71550 -0.11811 4.56693,
   4.05512 -0.11811 4.88189,
   4.71550 -0.11811 4.88189,
   4.05512 -0.77849 4.88189,
   4.05512 -0.11811 4.88189,
   4.16341 -0.75415 4.88189,
   4.26719 -0.71483 4.88189,
   4.36442 -0.66130 4.88189,
   4.45316 -0.59463 4.88189,
   4.53164 -0.51615 4.88189,
   4.59831 -0.42742 4.88189,
   4.65184 -0.33019 4.88189,
   4.69116 -0.22640 4.88189,
   4.71550 -0.11811 4.88189,
   4.05512 -0.77849 4.88189,
   4.05512 -0.77849 4.56693,
   4.05512 -0.11811 4.56693,
   4.05512 -0.11811 4.88189,
   3.81890 -0.77849 4.88189,
   3.81890 -0.77849 4.56693,
   3.81890 -0.11811 4.56693,
   3.81890 -0.11811 4.88189,
   3.81890 -0.11811 4.88189,
   3.15851 -0.11811 4.88189,
   3.18286 -0.22640 4.88189,
   3.22218 -0.33019 4.88189,
   3.27571 -0.42742 4.88189,
   3.34237 -0.51615 4.88189,
   3.42086 -0.59463 4.88189,
   3.50959 -0.66130 4.88189,
   3.60682 -0.71483 4.88189,
   3.71061 -0.75415 4.88189,
   3.81890 -0.77849 4.88189,
   3.15851 -0.11811 4.56693,
   3.81890 -0.11811 4.56693,
   3.15851 -0.11811 4.88189,
   3.81890 -0.11811 4.88189,
   3.15851 0.11811 4.56693,
   3.81890 0.11811 4.56693,
   3.15851 0.11811 4.88189,
   3.81890 0.11811 4.88189,
   3.81890 0.11811 4.88189,
   3.15851 0.11811 4.88189,
   3.81890 0.77849 4.88189,
   3.71061 0.75415 4.88189,
   3.60682 0.71483 4.88189,
   3.50959 0.66130 4.88189,
   3.42086 0.59463 4.88189,
   3.34237 0.51615 4.88189,
   3.27571 0.42742 4.88189,
   3.22218 0.33019 4.88189,
   3.18286 0.22640 4.88189,
   3.81890 0.11811 4.56693,
   3.81890 0.77849 4.56693,
   3.81890 0.77849 4.88189,
   3.81890 0.11811 4.88189,
   4.05512 0.11811 4.56693,
   4.05512 0.77849 4.56693,
   4.05512 0.77849 4.88189,
   4.05512 0.11811 4.88189,
   4.71550 0.11811 4.88189,
   4.05512 0.11811 4.88189,
   4.69116 0.22640 4.88189,
   4.65184 0.33019 4.88189,
   4.59831 0.42742 4.88189,
   4.53164 0.51615 4.88189,
   4.45316 0.59463 4.88189,
   4.36442 0.66130 4.88189,
   4.26719 0.71483 4.88189,
   4.16341 0.75415 4.88189,
   4.05512 0.77849 4.88189,
   4.05512 0.11811 4.56693,
   4.71550 0.11811 4.56693,
   4.05512 0.11811 4.88189,
   4.71550 0.11811 4.88189,
   4.72441 0.00000 3.54331,
   4.71561 0.11736 3.54331,
   4.68943 0.23209 3.54331,
   4.64643 0.34164 3.54331,
   4.58759 0.44356 3.54331,
   4.51421 0.53557 3.54331,
   4.42794 0.61562 3.54331,
   4.33071 0.68191 3.54331,
   4.22468 0.73297 3.54331,
   4.11222 0.76766 3.54331,
   3.99585 0.78520 3.54331,
   3.87817 0.78520 3.54331,
   3.76179 0.76766 3.54331,
   3.64934 0.73297 3.54331,
   3.54331 0.68191 3.54331,
   3.44607 0.61562 3.54331,
   3.35980 0.53557 3.54331,
   3.28643 0.44356 3.54331,
   3.22758 0.34164 3.54331,
   3.18459 0.23209 3.54331,
   3.15840 0.11736 3.54331,
   3.14961 -0.00000 3.54331,
   3.15840 -0.11736 3.54331,
   3.18459 -0.23209 3.54331,
   3.22758 -0.34164 3.54331,
   3.28643 -0.44356 3.54331,
   3.35980 -0.53557 3.54331,
   3.44607 -0.61562 3.54331,
   3.54331 -0.68191 3.54331,
   3.64934 -0.73297 3.54331,
   3.76179 -0.76766 3.54331,
   3.87817 -0.78520 3.54331,
   3.99585 -0.78520 3.54331,
   4.11222 -0.76766 3.54331,
   4.22468 -0.73297 3.54331,
   4.33071 -0.68191 3.54331,
   4.42794 -0.61562 3.54331,
   4.51421 -0.53557 3.54331,
   4.58759 -0.44356 3.54331,
   4.64643 -0.34164 3.54331,
   4.68943 -0.23209 3.54331,
   4.71561 -0.11736 3.54331,
   6.69291 0.00000 3.54331,
   6.69291 0.00000 4.56693,
   6.69291 0.00000 3.54331,
   6.68412 0.11736 3.54331,
   6.65793 0.23209 3.54331,
   6.61494 0.34164 3.54331,
   6.55609 0.44356 3.54331,
   6.48272 0.53557 3.54331,
   6.39645 0.61562 3.54331,
   6.29921 0.68191 3.54331,
   6.19318 0.73297 3.54331,
   6.08073 0.76766 3.54331,
   5.96435 0.78520 3.54331,
   5.84667 0.78520 3.54331,
   5.73030 0.76766 3.54331,
   5.61784 0.73297 3.54331,
   5.51181 0.68191 3.54331,
   5.41457 0.61562 3.54331,
   5.32831 0.53557 3.54331,
   5.25493 0.44356 3.54331,
   5.19609 0.34164 3.54331,
   5.15309 0.23209 3.54331,
   5.12690 0.11736 3.54331,
   5.11811 -0.00000 3.54331,
   5.12690 -0.11736 3.54331,
   5.15309 -0.23209 3.54331,
   5.19609 -0.34164 3.54331,
   5.25493 -0.44356 3.54331,
   5.32831 -0.53557 3.54331,
   5.41457 -0.61562 3.54331,
   5.51181 -0.68191 3.54331,
   5.61784 -0.73297 3.54331,
   5.73030 -0.76766 3.54331,
   5.84667 -0.78520 3.54331,
   5.96435 -0.78520 3.54331,
   6.08073 -0.76766 3.54331,
   6.19318 -0.73297 3.54331,
   6.29921 -0.68191 3.54331,
   6.39645 -0.61562 3.54331,
   6.48272 -0.53557 3.54331,
   6.55609 -0.44356 3.54331,
   6.61494 -0.34164 3.54331,
   6.65793 -0.23209 3.54331,
   6.68412 -0.11736 3.54331,
   6.69291 0.00000 4.56693,
   6.68400 0.11811 4.56693,
   6.68895 0.07891 4.56693,
   6.69192 0.03950 4.56693,
   6.68400 0.11811 4.88189,
   6.65966 0.22640 4.88189,
   6.62034 0.33019 4.88189,
   6.56681 0.42742 4.88189,
   6.50014 0.51615 4.88189,
   6.42166 0.59463 4.88189,
   6.33293 0.66130 4.88189,
   6.23570 0.71483 4.88189,
   6.13191 0.75415 4.88189,
   6.02362 0.77849 4.88189,
   6.02362 0.77849 4.56693,
   5.78740 0.77849 4.56693,
   5.86601 0.78641 4.56693,
   5.94501 0.78641 4.56693,
   5.78740 0.77849 4.88189,
   5.67911 0.75415 4.88189,
   5.57533 0.71483 4.88189,
   5.47810 0.66130 4.88189,
   5.38936 0.59463 4.88189,
   5.31088 0.51615 4.88189,
   5.24421 0.42742 4.88189,
   5.19068 0.33019 4.88189,
   5.15136 0.22640 4.88189,
   5.12702 0.11811 4.88189,
   5.12702 0.11811 4.56693,
   5.12702 -0.11811 4.56693,
   5.11910 -0.03950 4.56693,
   5.11910 0.03950 4.56693,
   5.12702 -0.11811 4.88189,
   5.15136 -0.22640 4.88189,
   5.19068 -0.33019 4.88189,
   5.24421 -0.42742 4.88189,
   5.31088 -0.51615 4.88189,
   5.38936 -0.59463 4.88189,
   5.47810 -0.66130 4.88189,
   5.57533 -0.71483 4.88189,
   5.67911 -0.75415 4.88189,
   5.78740 -0.77849 4.88189,
   5.78740 -0.77849 4.56693,
   6.02362 -0.77849 4.56693,
   5.94501 -0.78641 4.56693,
   5.86601 -0.78641 4.56693,
   6.02362 -0.77849 4.88189,
   6.13191 -0.75415 4.88189,
   6.23570 -0.71483 4.88189,
   6.33293 -0.66130 4.88189,
   6.42166 -0.59463 4.88189,
   6.50014 -0.51615 4.88189,
   6.56681 -0.42742 4.88189,
   6.62034 -0.33019 4.88189,
   6.65966 -0.22640 4.88189,
   6.68400 -0.11811 4.88189,
   6.68400 -0.11811 4.56693,
   6.69192 -0.03950 4.56693,
   6.68895 -0.07891 4.56693,
   6.02362 0.11811 4.56693,
   6.68400 0.11811 4.56693,
   6.02362 0.77849 4.56693,
   5.78740 0.77849 4.56693,
   5.86601 0.78641 4.56693,
   5.94501 0.78641 4.56693,
   5.78740 0.11811 4.56693,
   5.12702 0.11811 4.56693,
   5.12702 -0.11811 4.56693,
   5.11910 -0.03950 4.56693,
   5.11910 0.03950 4.56693,
   5.78740 -0.11811 4.56693,
   5.78740 -0.77849 4.56693,
   6.02362 -0.77849 4.56693,
   5.94501 -0.78641 4.56693,
   5.86601 -0.78641 4.56693,
   6.02362 -0.11811 4.56693,
   6.68400 -0.11811 4.56693,
   6.69291 0.00000 4.56693,
   6.69192 -0.03950 4.56693,
   6.68895 -0.07891 4.56693,
   6.68895 0.07891 4.56693,
   6.69192 0.03950 4.56693,
   6.02362 -0.11811 4.56693,
   6.68400 -0.11811 4.56693,
   6.02362 -0.11811 4.88189,
   6.68400 -0.11811 4.88189,
   6.02362 -0.77849 4.88189,
   6.02362 -0.11811 4.88189,
   6.13191 -0.75415 4.88189,
   6.23570 -0.71483 4.88189,
   6.33293 -0.66130 4.88189,
   6.42166 -0.59463 4.88189,
   6.50014 -0.51615 4.88189,
   6.56681 -0.42742 4.88189,
   6.62034 -0.33019 4.88189,
   6.65966 -0.22640 4.88189,
   6.68400 -0.11811 4.88189,
   6.02362 -0.77849 4.88189,
   6.02362 -0.77849 4.56693,
   6.02362 -0.11811 4.56693,
   6.02362 -0.11811 4.88189,
   5.78740 -0.77849 4.88189,
   5.78740 -0.77849 4.56693,
   5.78740 -0.11811 4.56693,
   5.78740 -0.11811 4.88189,
   5.78740 -0.11811 4.88189,
   5.12702 -0.11811 4.88189,
   5.15136 -0.22640 4.88189,
   5.19068 -0.33019 4.88189,
   5.24421 -0.42742 4.88189,
   5.31088 -0.51615 4.88189,
   5.38936 -0.59463 4.88189,
   5.47810 -0.66130 4.88189,
   5.57533 -0.71483 4.88189,
   5.67911 -0.75415 4.88189,
   5.78740 -0.77849 4.88189,
   5.12702 -0.11811 4.56693,
   5.78740 -0.11811 4.56693,
   5.12702 -0.11811 4.88189,
   5.78740 -0.11811 4.88189,
   5.12702 0.11811 4.56693,
   5.78740 0.11811 4.56693,
   5.12702 0.11811 4.88189,
   5.78740 0.11811 4.88189,
   5.78740 0.11811 4.88189,
   5.12702 0.11811 4.88189,
   5.78740 0.77849 4.88189,
   5.67911 0.75415 4.88189,
   5.57533 0.71483 4.88189,
   5.47810 0.66130 4.88189,
   5.38936 0.59463 4.88189,
   5.31088 0.51615 4.88189,
   5.24421 0.42742 4.88189,
   5.19068 0.33019 4.88189,
   5.15136 0.22640 4.88189,
   5.78740 0.11811 4.56693,
   5.78740 0.77849 4.56693,
   5.78740 0.77849 4.88189,
   5.78740 0.11811 4.88189,
   6.02362 0.11811 4.56693,
   6.02362 0.77849 4.56693,
   6.02362 0.77849 4.88189,
   6.02362 0.11811 4.88189,
   6.68400 0.11811 4.88189,
   6.02362 0.11811 4.88189,
   6.65966 0.22640 4.88189,
   6.62034 0.33019 4.88189,
   6.56681 0.42742 4.88189,
   6.50014 0.51615 4.88189,
   6.42166 0.59463 4.88189,
   6.33293 0.66130 4.88189,
   6.23570 0.71483 4.88189,
   6.13191 0.75415 4.88189,
   6.02362 0.77849 4.88189,
   6.02362 0.11811 4.56693,
   6.68400 0.11811 4.56693,
   6.02362 0.11811 4.88189,
   6.68400 0.11811 4.88189,
   6.69291 0.00000 3.54331,
   6.68412 0.11736 3.54331,
   6.65793 0.23209 3.54331,
   6.61494 0.34164 3.54331,
   6.55609 0.44356 3.54331,
   6.48272 0.53557 3.54331,
   6.39645 0.61562 3.54331,
   6.29921 0.68191 3.54331,
   6.19318 0.73297 3.54331,
   6.08073 0.76766 3.54331,
   5.96435 0.78520 3.54331,
   5.84667 0.78520 3.54331,
   5.73030 0.76766 3.54331,
   5.61784 0.73297 3.54331,
   5.51181 0.68191 3.54331,
   5.41457 0.61562 3.54331,
   5.32831 0.53557 3.54331,
   5.25493 0.44356 3.54331,
   5.19609 0.34164 3.54331,
   5.15309 0.23209 3.54331,
   5.12690 0.11736 3.54331,
   5.11811 -0.00000 3.54331,
   5.12690 -0.11736 3.54331,
   5.15309 -0.23209 3.54331,
   5.19609 -0.34164 3.54331,
   5.25493 -0.44356 3.54331,
   5.32831 -0.53557 3.54331,
   5.41457 -0.61562 3.54331,
   5.51181 -0.68191 3.54331,
   5.61784 -0.73297 3.54331,
   5.73030 -0.76766 3.54331,
   5.84667 -0.78520 3.54331,
   5.96435 -0.78520 3.54331,
   6.08073 -0.76766 3.54331,
   6.19318 -0.73297 3.54331,
   6.29921 -0.68191 3.54331,
   6.39645 -0.61562 3.54331,
   6.48272 -0.53557 3.54331,
   6.55609 -0.44356 3.54331,
   6.61494 -0.34164 3.54331,
   6.65793 -0.23209 3.54331,
   6.68412 -0.11736 3.54331,
   8.66142 0.00000 3.54331,
   8.66142 0.00000 4.56693,
   8.66142 0.00000 3.54331,
   8.65262 0.11736 3.54331,
   8.62644 0.23209 3.54331,
   8.58344 0.34164 3.54331,
   8.52460 0.44356 3.54331,
   8.45122 0.53557 3.54331,
   8.36495 0.61562 3.54331,
   8.26772 0.68191 3.54331,
   8.16169 0.73297 3.54331,
   8.04923 0.76766 3.54331,
   7.93286 0.78520 3.54331,
   7.81517 0.78520 3.54331,
   7.69880 0.76766 3.54331,
   7.58635 0.73297 3.54331,
   7.48031 0.68191 3.54331,
   7.38308 0.61562 3.54331,
   7.29681 0.53557 3.54331,
   7.22343 0.44356 3.54331,
   7.16459 0.34164 3.54331,
   7.12160 0.23209 3.54331,
   7.09541 0.11736 3.54331,
   7.08661 -0.00000 3.54331,
   7.09541 -0.11736 3.54331,
   7.12160 -0.23209 3.54331,
   7.16459 -0.34164 3.54331,
   7.22343 -0.44356 3.54331,
   7.29681 -0.53557 3.54331,
   7.38308 -0.61562 3.54331,
   7.48031 -0.68191 3.54331,
   7.58635 -0.73297 3.54331,
   7.69880 -0.76766 3.54331,
   7.81517 -0.78520 3.54331,
   7.93286 -0.78520 3.54331,
   8.04923 -0.76766 3.54331,
   8.16169 -0.73297 3.54331,
   8.26772 -0.68191 3.54331,
   8.36495 -0.61562 3.54331,
   8.45122 -0.53557 3.54331,
   8.52460 -0.44356 3.54331,
   8.58344 -0.34164 3.54331,
   8.62644 -0.23209 3.54331,
   8.65262 -0.11736 3.54331,
   8.66142 0.00000 4.56693,
   8.65251 0.11811 4.56693,
   8.65745 0.07891 4.56693,
   8.66043 0.03950 4.56693,
   8.65251 0.11811 4.88189,
   8.62817 0.22640 4.88189,
   8.58884 0.33019 4.88189,
   8.53532 0.42742 4.88189,
   8.46865 0.51615 4.88189,
   8.39017 0.59463 4.88189,
   8.30143 0.66130 4.88189,
   8.20420 0.71483 4.88189,
   8.10041 0.75415 4.88189,
   7.99213 0.77849 4.88189,
   7.99213 0.77849 4.56693,
   7.75591 0.77849 4.56693,
   7.83451 0.78641 4.56693,
   7.91352 0.78641 4.56693,
   7.75591 0.77849 4.88189,
   7.64762 0.75415 4.88189,
   7.54383 0.71483 4.88189,
   7.44660 0.66130 4.88189,
   7.35786 0.59463 4.88189,
   7.27938 0.51615 4.88189,
   7.21272 0.42742 4.88189,
   7.15919 0.33019 4.88189,
   7.11986 0.22640 4.88189,
   7.09552 0.11811 4.88189,
   7.09552 0.11811 4.56693,
   7.09552 -0.11811 4.56693,
   7.08761 -0.03950 4.56693,
   7.08761 0.03950 4.56693,
   7.09552 -0.11811 4.88189,
   7.11986 -0.22640 4.88189,
   7.15919 -0.33019 4.88189,
   7.21272 -0.42742 4.88189,
   7.27938 -0.51615 4.88189,
   7.35786 -0.59463 4.88189,
   7.44660 -0.66130 4.88189,
   7.54383 -0.71483 4.88189,
   7.64762 -0.75415 4.88189,
   7.75591 -0.77849 4.88189,
   7.75591 -0.77849 4.56693,
   7.99213 -0.77849 4.56693,
   7.91352 -0.78641 4.56693,
   7.83451 -0.78641 4.56693,
   7.99213 -0.77849 4.88189,
   8.10041 -0.75415 4.88189,
   8.20420 -0.71483 4.88189,
   8.30143 -0.66130 4.88189,
   8.39017 -0.59463 4.88189,
   8.46865 -0.51615 4.88189,
   8.53532 -0.42742 4.88189,
   8.58884 -0.33019 4.88189,
   8.62817 -0.22640 4.88189,
   8.65251 -0.11811 4.88189,
   8.65251 -0.11811 4.56693,
   8.66043 -0.03950 4.56693,
   8.65745 -0.07891 4.56693,
   7.99213 0.11811 4.56693,
   8.65251 0.11811 4.56693,
   7.99213 0.77849 4.56693,
   7.75591 0.77849 4.56693,
   7.83451 0.78641 4.56693,
   7.91352 0.78641 4.56693,
   7.75591 0.11811 4.56693,
   7.09552 0.11811 4.56693,
   7.09552 -0.11811 4.56693,
   7.08761 -0.03950 4.56693,
   7.08761 0.03950 4.56693,
   7.75591 -0.11811 4.56693,
   7.75591 -0.77849 4.56693,
   7.99213 -0.77849 4.56693,
   7.91352 -0.78641 4.56693,
   7.83451 -0.78641 4.56693,
   7.99213 -0.11811 4.56693,
   8.65251 -0.11811 4.56693,
   8.66142 0.00000 4.56693,
   8.66043 -0.03950 4.56693,
   8.65745 -0.07891 4.56693,
   8.65745 0.07891 4.56693,
   8.66043 0.03950 4.56693,
   7.99213 -0.11811 4.56693,
   8.65251 -0.11811 4.56693,
   7.99213 -0.11811 4.88189,
   8.65251 -0.11811 4.88189,
   7.99213 -0.77849 4.88189,
   7.99213 -0.11811 4.88189,
   8.10041 -0.75415 4.88189,
   8.20420 -0.71483 4.88189,
   8.30143 -0.66130 4.88189,
   8.39017 -0.59463 4.88189,
   8.46865 -0.51615 4.88189,
   8.53532 -0.42742 4.88189,
   8.58884 -0.33019 4.88189,
   8.62817 -0.22640 4.88189,
   8.65251 -0.11811 4.88189,
   7.99213 -0.77849 4.88189,
   7.99213 -0.77849 4.56693,
   7.99213 -0.11811 4.56693,
   7.99213 -0.11811 4.88189,
   7.75591 -0.77849 4.88189,
   7.75591 -0.77849 4.56693,
   7.75591 -0.11811 4.56693,
   7.75591 -0.11811 4.88189,
   7.75591 -0.11811 4.88189,
   7.09552 -0.11811 4.88189,
   7.11986 -0.22640 4.88189,
   7.15919 -0.33019 4.88189,
   7.21272 -0.42742 4.88189,
   7.27938 -0.51615 4.88189,
   7.35786 -0.59463 4.88189,
   7.44660 -0.66130 4.88189,
   7.54383 -0.71483 4.88189,
   7.64762 -0.75415 4.88189,
   7.75591 -0.77849 4.88189,
   7.09552 -0.11811 4.56693,
   7.75591 -0.11811 4.56693,
   7.09552 -0.11811 4.88189,
   7.75591 -0.11811 4.88189,
   7.09552 0.11811 4.56693,
   7.75591 0.11811 4.56693,
   7.09552 0.11811 4.88189,
   7.75591 0.11811 4.88189,
   7.75591 0.11811 4.88189,
   7.09552 0.11811 4.88189,
   7.75591 0.77849 4.88189,
   7.64762 0.75415 4.88189,
   7.54383 0.71483 4.88189,
   7.44660 0.66130 4.88189,
   7.35786 0.59463 4.88189,
   7.27938 0.51615 4.88189,
   7.21272 0.42742 4.88189,
   7.15919 0.33019 4.88189,
   7.11986 0.22640 4.88189,
   7.75591 0.11811 4.56693,
   7.75591 0.77849 4.56693,
   7.75591 0.77849 4.88189,
   7.75591 0.11811 4.88189,
   7.99213 0.11811 4.56693,
   7.99213 0.77849 4.56693,
   7.99213 0.77849 4.88189,
   7.99213 0.11811 4.88189,
   8.65251 0.11811 4.88189,
   7.99213 0.11811 4.88189,
   8.62817 0.22640 4.88189,
   8.58884 0.33019 4.88189,
   8.53532 0.42742 4.88189,
   8.46865 0.51615 4.88189,
   8.39017 0.59463 4.88189,
   8.30143 0.66130 4.88189,
   8.20420 0.71483 4.88189,
   8.10041 0.75415 4.88189,
   7.99213 0.77849 4.88189,
   7.99213 0.11811 4.56693,
   8.65251 0.11811 4.56693,
   7.99213 0.11811 4.88189,
   8.65251 0.11811 4.88189,
   8.66142 0.00000 3.54331,
   8.65262 0.11736 3.54331,
   8.62644 0.23209 3.54331,
   8.58344 0.34164 3.54331,
   8.52460 0.44356 3.54331,
   8.45122 0.53557 3.54331,
   8.36495 0.61562 3.54331,
   8.26772 0.68191 3.54331,
   8.16169 0.73297 3.54331,
   8.04923 0.76766 3.54331,
   7.93286 0.78520 3.54331,
   7.81517 0.78520 3.54331,
   7.69880 0.76766 3.54331,
   7.58635 0.73297 3.54331,
   7.48031 0.68191 3.54331,
   7.38308 0.61562 3.54331,
   7.29681 0.53557 3.54331,
   7.22343 0.44356 3.54331,
   7.16459 0.34164 3.54331,
   7.12160 0.23209 3.54331,
   7.09541 0.11736 3.54331,
   7.08661 -0.00000 3.54331,
   7.09541 -0.11736 3.54331,
   7.12160 -0.23209 3.54331,
   7.16459 -0.34164 3.54331,
   7.22343 -0.44356 3.54331,
   7.29681 -0.53557 3.54331,
   7.38308 -0.61562 3.54331,
   7.48031 -0.68191 3.54331,
   7.58635 -0.73297 3.54331,
   7.69880 -0.76766 3.54331,
   7.81517 -0.78520 3.54331,
   7.93286 -0.78520 3.54331,
   8.04923 -0.76766 3.54331,
   8.16169 -0.73297 3.54331,
   8.26772 -0.68191 3.54331,
   8.36495 -0.61562 3.54331,
   8.45122 -0.53557 3.54331,
   8.52460 -0.44356 3.54331,
   8.58344 -0.34164 3.54331,
   8.62644 -0.23209 3.54331,
   8.65262 -0.11736 3.54331 ] }
  coordIndex [
   49,48,45,-1,
   2,47,44,-1,
   3,47,2,-1,
   3,45,46,-1,
   3,46,47,-1,
   4,45,3,-1,
   4,49,45,-1,
   4,50,49,-1,
   5,50,4,-1,
   5,51,50,-1,
   6,51,5,-1,
   6,52,51,-1,
   7,52,6,-1,
   7,53,52,-1,
   8,53,7,-1,
   8,54,53,-1,
   9,54,8,-1,
   9,55,54,-1,
   58,57,56,-1,
   10,55,9,-1,
   10,56,55,-1,
   11,58,56,-1,
   11,56,10,-1,
   12,58,11,-1,
   12,61,58,-1,
   63,62,59,-1,
   13,59,60,-1,
   13,60,61,-1,
   13,61,12,-1,
   14,63,59,-1,
   14,59,13,-1,
   15,64,63,-1,
   15,63,14,-1,
   16,65,64,-1,
   16,64,15,-1,
   17,66,65,-1,
   17,65,16,-1,
   18,67,66,-1,
   18,66,17,-1,
   19,68,67,-1,
   19,67,18,-1,
   20,69,68,-1,
   20,68,19,-1,
   72,71,70,-1,
   21,72,70,-1,
   21,70,69,-1,
   21,69,20,-1,
   22,75,72,-1,
   22,72,21,-1,
   77,76,73,-1,
   23,75,22,-1,
   23,74,75,-1,
   24,74,23,-1,
   24,73,74,-1,
   25,77,73,-1,
   25,73,24,-1,
   25,78,77,-1,
   26,78,25,-1,
   26,79,78,-1,
   27,79,26,-1,
   27,80,79,-1,
   28,80,27,-1,
   28,81,80,-1,
   29,81,28,-1,
   29,82,81,-1,
   30,82,29,-1,
   30,83,82,-1,
   86,85,84,-1,
   31,83,30,-1,
   31,84,83,-1,
   32,86,84,-1,
   32,84,31,-1,
   33,86,32,-1,
   33,88,89,-1,
   33,89,86,-1,
   91,90,87,-1,
   34,88,33,-1,
   34,87,88,-1,
   35,91,87,-1,
   35,87,34,-1,
   36,91,35,-1,
   36,92,91,-1,
   37,92,36,-1,
   37,93,92,-1,
   38,93,37,-1,
   38,94,93,-1,
   39,94,38,-1,
   39,95,94,-1,
   40,95,39,-1,
   40,96,95,-1,
   41,96,40,-1,
   41,97,96,-1,
   100,99,98,-1,
   42,97,41,-1,
   42,98,97,-1,
   42,100,98,-1,
   43,100,42,-1,
   43,101,102,-1,
   43,102,100,-1,
   0,1,101,-1,
   0,101,43,-1,
   114,112,111,-1,
   114,113,112,-1,
   114,118,117,-1,
   114,115,118,-1,
   109,110,113,-1,
   109,113,114,-1,
   119,117,116,-1,
   119,114,117,-1,
   103,109,114,-1,
   103,114,119,-1,
   123,119,120,-1,
   107,106,109,-1,
   122,119,123,-1,
   121,103,119,-1,
   121,119,122,-1,
   108,109,103,-1,
   108,107,109,-1,
   125,103,121,-1,
   124,103,125,-1,
   105,108,103,-1,
   104,103,124,-1,
   129,127,126,-1,
   129,126,128,-1,
   131,130,132,-1,
   131,132,133,-1,
   131,133,134,-1,
   131,134,135,-1,
   136,131,135,-1,
   137,131,136,-1,
   138,131,137,-1,
   139,131,138,-1,
   140,131,139,-1,
   141,143,142,-1,
   141,144,143,-1,
   145,146,147,-1,
   145,147,148,-1,
   149,150,151,-1,
   149,151,152,-1,
   149,152,153,-1,
   149,153,154,-1,
   149,154,155,-1,
   149,155,156,-1,
   149,156,157,-1,
   149,157,158,-1,
   149,158,159,-1,
   163,161,160,-1,
   163,160,162,-1,
   167,164,165,-1,
   167,166,164,-1,
   168,175,176,-1,
   168,176,177,-1,
   168,177,178,-1,
   168,178,169,-1,
   174,175,168,-1,
   173,174,168,-1,
   172,173,168,-1,
   171,172,168,-1,
   170,171,168,-1,
   182,179,180,-1,
   182,180,181,-1,
   186,184,183,-1,
   186,185,184,-1,
   196,197,188,-1,
   189,188,187,-1,
   195,196,188,-1,
   190,188,189,-1,
   194,195,188,-1,
   191,188,190,-1,
   193,194,188,-1,
   192,188,191,-1,
   192,193,188,-1,
   201,198,199,-1,
   201,200,198,-1,
   226,228,227,-1,
   219,221,220,-1,
   219,222,221,-1,
   218,222,219,-1,
   239,238,237,-1,
   240,236,235,-1,
   240,237,236,-1,
   240,239,237,-1,
   216,218,217,-1,
   203,243,242,-1,
   203,202,243,-1,
   204,203,242,-1,
   204,230,229,-1,
   204,231,230,-1,
   204,232,231,-1,
   204,233,232,-1,
   204,234,233,-1,
   204,235,234,-1,
   204,241,240,-1,
   204,242,241,-1,
   204,240,235,-1,
   209,211,210,-1,
   209,212,211,-1,
   209,213,212,-1,
   209,214,213,-1,
   209,215,214,-1,
   209,216,215,-1,
   208,204,229,-1,
   208,223,222,-1,
   208,224,223,-1,
   208,225,224,-1,
   208,226,225,-1,
   208,229,228,-1,
   208,228,226,-1,
   208,222,218,-1,
   208,216,209,-1,
   208,218,216,-1,
   207,205,204,-1,
   207,206,205,-1,
   207,204,208,-1,
   293,292,289,-1,
   246,291,288,-1,
   247,291,246,-1,
   247,289,290,-1,
   247,290,291,-1,
   248,289,247,-1,
   248,293,289,-1,
   248,294,293,-1,
   249,294,248,-1,
   249,295,294,-1,
   250,295,249,-1,
   250,296,295,-1,
   251,296,250,-1,
   251,297,296,-1,
   252,297,251,-1,
   252,298,297,-1,
   253,298,252,-1,
   253,299,298,-1,
   302,301,300,-1,
   254,299,253,-1,
   254,300,299,-1,
   255,302,300,-1,
   255,300,254,-1,
   256,302,255,-1,
   256,305,302,-1,
   307,306,303,-1,
   257,303,304,-1,
   257,304,305,-1,
   257,305,256,-1,
   258,307,303,-1,
   258,303,257,-1,
   259,308,307,-1,
   259,307,258,-1,
   260,309,308,-1,
   260,308,259,-1,
   261,310,309,-1,
   261,309,260,-1,
   262,311,310,-1,
   262,310,261,-1,
   263,312,311,-1,
   263,311,262,-1,
   264,313,312,-1,
   264,312,263,-1,
   316,315,314,-1,
   265,316,314,-1,
   265,314,313,-1,
   265,313,264,-1,
   266,319,316,-1,
   266,316,265,-1,
   321,320,317,-1,
   267,319,266,-1,
   267,318,319,-1,
   268,318,267,-1,
   268,317,318,-1,
   269,321,317,-1,
   269,317,268,-1,
   269,322,321,-1,
   270,322,269,-1,
   270,323,322,-1,
   271,323,270,-1,
   271,324,323,-1,
   272,324,271,-1,
   272,325,324,-1,
   273,325,272,-1,
   273,326,325,-1,
   274,326,273,-1,
   274,327,326,-1,
   330,329,328,-1,
   275,327,274,-1,
   275,328,327,-1,
   276,330,328,-1,
   276,328,275,-1,
   277,330,276,-1,
   277,332,333,-1,
   277,333,330,-1,
   335,334,331,-1,
   278,332,277,-1,
   278,331,332,-1,
   279,335,331,-1,
   279,331,278,-1,
   280,335,279,-1,
   280,336,335,-1,
   281,336,280,-1,
   281,337,336,-1,
   282,337,281,-1,
   282,338,337,-1,
   283,338,282,-1,
   283,339,338,-1,
   284,339,283,-1,
   284,340,339,-1,
   285,340,284,-1,
   285,341,340,-1,
   344,343,342,-1,
   286,341,285,-1,
   286,342,341,-1,
   286,344,342,-1,
   287,344,286,-1,
   287,345,346,-1,
   287,346,344,-1,
   244,245,345,-1,
   244,345,287,-1,
   358,356,355,-1,
   358,362,361,-1,
   358,359,362,-1,
   363,361,360,-1,
   363,358,361,-1,
   353,357,356,-1,
   353,354,357,-1,
   353,356,358,-1,
   347,353,358,-1,
   347,358,363,-1,
   367,363,364,-1,
   351,350,353,-1,
   366,363,367,-1,
   365,347,363,-1,
   365,363,366,-1,
   352,353,347,-1,
   352,351,353,-1,
   369,347,365,-1,
   368,347,369,-1,
   349,352,347,-1,
   348,347,368,-1,
   373,371,370,-1,
   373,370,372,-1,
   375,374,376,-1,
   375,376,377,-1,
   375,377,378,-1,
   375,378,379,-1,
   380,375,379,-1,
   381,375,380,-1,
   382,375,381,-1,
   383,375,382,-1,
   384,375,383,-1,
   385,387,386,-1,
   385,388,387,-1,
   389,390,391,-1,
   389,391,392,-1,
   393,394,395,-1,
   393,395,396,-1,
   393,396,397,-1,
   393,397,398,-1,
   393,398,399,-1,
   393,399,400,-1,
   393,400,401,-1,
   393,401,402,-1,
   393,402,403,-1,
   407,405,404,-1,
   407,404,406,-1,
   411,408,409,-1,
   411,410,408,-1,
   412,419,420,-1,
   412,420,421,-1,
   412,421,422,-1,
   412,422,413,-1,
   418,419,412,-1,
   417,418,412,-1,
   416,417,412,-1,
   415,416,412,-1,
   414,415,412,-1,
   426,423,424,-1,
   426,424,425,-1,
   430,428,427,-1,
   430,429,428,-1,
   433,432,431,-1,
   440,441,432,-1,
   434,432,433,-1,
   439,440,432,-1,
   438,439,432,-1,
   435,432,434,-1,
   436,432,435,-1,
   437,438,432,-1,
   437,432,436,-1,
   445,442,443,-1,
   445,444,442,-1,
   470,472,471,-1,
   466,468,467,-1,
   466,469,468,-1,
   466,470,469,-1,
   481,480,479,-1,
   463,465,464,-1,
   463,466,465,-1,
   482,481,479,-1,
   462,466,463,-1,
   483,482,479,-1,
   460,462,461,-1,
   485,484,483,-1,
   459,462,460,-1,
   458,462,459,-1,
   456,462,458,-1,
   456,458,457,-1,
   456,473,472,-1,
   456,474,473,-1,
   456,472,470,-1,
   456,470,466,-1,
   456,466,462,-1,
   455,475,474,-1,
   455,476,475,-1,
   455,474,456,-1,
   448,447,446,-1,
   448,486,485,-1,
   448,487,486,-1,
   448,446,487,-1,
   448,485,483,-1,
   448,483,479,-1,
   453,455,454,-1,
   452,455,453,-1,
   452,477,476,-1,
   452,478,477,-1,
   452,479,478,-1,
   452,476,455,-1,
   451,449,448,-1,
   451,450,449,-1,
   451,479,452,-1,
   451,448,479,-1,
   537,536,533,-1,
   490,535,532,-1,
   491,535,490,-1,
   491,533,534,-1,
   491,534,535,-1,
   492,533,491,-1,
   492,537,533,-1,
   492,538,537,-1,
   493,538,492,-1,
   493,539,538,-1,
   494,539,493,-1,
   494,540,539,-1,
   495,540,494,-1,
   495,541,540,-1,
   496,541,495,-1,
   496,542,541,-1,
   497,542,496,-1,
   497,543,542,-1,
   546,545,544,-1,
   498,543,497,-1,
   498,544,543,-1,
   499,546,544,-1,
   499,544,498,-1,
   500,546,499,-1,
   500,549,546,-1,
   551,550,547,-1,
   501,547,548,-1,
   501,548,549,-1,
   501,549,500,-1,
   502,551,547,-1,
   502,547,501,-1,
   503,552,551,-1,
   503,551,502,-1,
   504,553,552,-1,
   504,552,503,-1,
   505,554,553,-1,
   505,553,504,-1,
   506,555,554,-1,
   506,554,505,-1,
   507,556,555,-1,
   507,555,506,-1,
   508,557,556,-1,
   508,556,507,-1,
   560,559,558,-1,
   509,560,558,-1,
   509,558,557,-1,
   509,557,508,-1,
   510,563,560,-1,
   510,560,509,-1,
   565,564,561,-1,
   511,563,510,-1,
   511,562,563,-1,
   512,562,511,-1,
   512,561,562,-1,
   513,565,561,-1,
   513,561,512,-1,
   513,566,565,-1,
   514,566,513,-1,
   514,567,566,-1,
   515,567,514,-1,
   515,568,567,-1,
   516,568,515,-1,
   516,569,568,-1,
   517,569,516,-1,
   517,570,569,-1,
   518,570,517,-1,
   518,571,570,-1,
   574,573,572,-1,
   519,571,518,-1,
   519,572,571,-1,
   520,574,572,-1,
   520,572,519,-1,
   521,574,520,-1,
   521,577,574,-1,
   579,578,575,-1,
   522,577,521,-1,
   522,575,576,-1,
   522,576,577,-1,
   523,579,575,-1,
   523,575,522,-1,
   524,579,523,-1,
   524,580,579,-1,
   525,580,524,-1,
   525,581,580,-1,
   526,581,525,-1,
   526,582,581,-1,
   527,582,526,-1,
   527,583,582,-1,
   528,583,527,-1,
   528,584,583,-1,
   529,584,528,-1,
   529,585,584,-1,
   588,587,586,-1,
   530,585,529,-1,
   530,586,585,-1,
   530,588,586,-1,
   531,588,530,-1,
   531,589,590,-1,
   531,590,588,-1,
   488,489,589,-1,
   488,589,531,-1,
   602,600,599,-1,
   602,601,600,-1,
   602,603,606,-1,
   597,598,601,-1,
   597,601,602,-1,
   607,605,604,-1,
   607,606,605,-1,
   607,602,606,-1,
   591,597,602,-1,
   591,602,607,-1,
   611,607,608,-1,
   610,607,611,-1,
   595,594,597,-1,
   609,591,607,-1,
   609,607,610,-1,
   613,591,609,-1,
   596,597,591,-1,
   596,595,597,-1,
   612,591,613,-1,
   592,591,612,-1,
   593,596,591,-1,
   617,615,614,-1,
   617,614,616,-1,
   619,618,620,-1,
   619,620,621,-1,
   619,621,622,-1,
   619,622,623,-1,
   624,619,623,-1,
   625,619,624,-1,
   626,619,625,-1,
   627,619,626,-1,
   628,619,627,-1,
   630,632,631,-1,
   629,632,630,-1,
   633,634,635,-1,
   633,635,636,-1,
   637,638,639,-1,
   637,639,640,-1,
   637,640,641,-1,
   637,641,642,-1,
   637,642,643,-1,
   637,643,644,-1,
   637,644,645,-1,
   637,645,646,-1,
   637,646,647,-1,
   651,649,648,-1,
   651,648,650,-1,
   653,654,652,-1,
   655,654,653,-1,
   656,663,664,-1,
   656,664,665,-1,
   656,665,666,-1,
   656,666,657,-1,
   662,663,656,-1,
   661,662,656,-1,
   660,661,656,-1,
   659,660,656,-1,
   658,659,656,-1,
   670,667,668,-1,
   670,668,669,-1,
   674,672,671,-1,
   674,673,672,-1,
   677,676,675,-1,
   684,685,676,-1,
   678,676,677,-1,
   683,684,676,-1,
   679,676,678,-1,
   682,683,676,-1,
   680,676,679,-1,
   681,682,676,-1,
   681,676,680,-1,
   689,686,687,-1,
   689,688,686,-1,
   714,716,715,-1,
   721,719,718,-1,
   721,720,719,-1,
   724,723,722,-1,
   707,709,708,-1,
   707,710,709,-1,
   726,725,724,-1,
   726,724,722,-1,
   706,710,707,-1,
   727,726,722,-1,
   704,706,705,-1,
   729,728,727,-1,
   729,727,722,-1,
   703,706,704,-1,
   731,730,729,-1,
   700,702,701,-1,
   691,690,731,-1,
   691,731,729,-1,
   699,703,702,-1,
   699,711,710,-1,
   699,712,711,-1,
   699,713,712,-1,
   699,714,713,-1,
   699,717,716,-1,
   699,718,717,-1,
   699,716,714,-1,
   699,710,706,-1,
   699,706,703,-1,
   699,702,700,-1,
   692,691,729,-1,
   692,722,721,-1,
   692,729,722,-1,
   696,698,697,-1,
   696,699,698,-1,
   696,718,699,-1,
   696,721,718,-1,
   695,693,692,-1,
   695,694,693,-1,
   695,692,721,-1,
   695,721,696,-1,
   781,780,777,-1,
   734,779,776,-1,
   735,779,734,-1,
   735,777,778,-1,
   735,778,779,-1,
   736,777,735,-1,
   736,781,777,-1,
   736,782,781,-1,
   737,782,736,-1,
   737,783,782,-1,
   738,783,737,-1,
   738,784,783,-1,
   739,784,738,-1,
   739,785,784,-1,
   740,785,739,-1,
   740,786,785,-1,
   741,786,740,-1,
   741,787,786,-1,
   790,789,788,-1,
   742,787,741,-1,
   742,788,787,-1,
   743,790,788,-1,
   743,788,742,-1,
   744,790,743,-1,
   744,793,790,-1,
   795,794,791,-1,
   745,791,792,-1,
   745,792,793,-1,
   745,793,744,-1,
   746,795,791,-1,
   746,791,745,-1,
   747,796,795,-1,
   747,795,746,-1,
   748,797,796,-1,
   748,796,747,-1,
   749,798,797,-1,
   749,797,748,-1,
   750,799,798,-1,
   750,798,749,-1,
   751,800,799,-1,
   751,799,750,-1,
   752,801,800,-1,
   752,800,751,-1,
   804,803,802,-1,
   753,804,802,-1,
   753,802,801,-1,
   753,801,752,-1,
   754,807,804,-1,
   754,804,753,-1,
   809,808,805,-1,
   755,807,754,-1,
   755,806,807,-1,
   756,806,755,-1,
   756,805,806,-1,
   757,809,805,-1,
   757,805,756,-1,
   757,810,809,-1,
   758,810,757,-1,
   758,811,810,-1,
   759,811,758,-1,
   759,812,811,-1,
   760,812,759,-1,
   760,813,812,-1,
   761,813,760,-1,
   761,814,813,-1,
   762,814,761,-1,
   762,815,814,-1,
   818,817,816,-1,
   763,815,762,-1,
   763,816,815,-1,
   764,818,816,-1,
   764,816,763,-1,
   765,818,764,-1,
   765,821,818,-1,
   823,822,819,-1,
   766,821,765,-1,
   766,819,820,-1,
   766,820,821,-1,
   767,823,819,-1,
   767,819,766,-1,
   768,823,767,-1,
   768,824,823,-1,
   769,824,768,-1,
   769,825,824,-1,
   770,825,769,-1,
   770,826,825,-1,
   771,826,770,-1,
   771,827,826,-1,
   772,827,771,-1,
   772,828,827,-1,
   773,828,772,-1,
   773,829,828,-1,
   832,831,830,-1,
   774,829,773,-1,
   774,830,829,-1,
   774,832,830,-1,
   775,832,774,-1,
   775,833,834,-1,
   775,834,832,-1,
   732,733,833,-1,
   732,833,775,-1,
   846,844,843,-1,
   846,847,850,-1,
   841,845,844,-1,
   841,842,845,-1,
   841,844,846,-1,
   851,849,848,-1,
   851,850,849,-1,
   851,846,850,-1,
   835,841,846,-1,
   835,846,851,-1,
   855,851,852,-1,
   839,838,841,-1,
   854,851,855,-1,
   853,835,851,-1,
   853,851,854,-1,
   857,835,853,-1,
   840,841,835,-1,
   840,839,841,-1,
   856,835,857,-1,
   836,835,856,-1,
   837,840,835,-1,
   861,859,858,-1,
   861,858,860,-1,
   863,862,864,-1,
   863,864,865,-1,
   863,865,866,-1,
   863,866,867,-1,
   868,863,867,-1,
   869,863,868,-1,
   870,863,869,-1,
   871,863,870,-1,
   872,863,871,-1,
   874,876,875,-1,
   873,876,874,-1,
   877,878,879,-1,
   877,879,880,-1,
   881,882,883,-1,
   881,883,884,-1,
   881,884,885,-1,
   881,885,886,-1,
   881,886,887,-1,
   881,887,888,-1,
   881,888,889,-1,
   881,889,890,-1,
   881,890,891,-1,
   895,893,892,-1,
   895,892,894,-1,
   897,898,896,-1,
   899,898,897,-1,
   900,907,908,-1,
   900,908,909,-1,
   900,909,910,-1,
   900,910,901,-1,
   906,907,900,-1,
   905,906,900,-1,
   904,905,900,-1,
   903,904,900,-1,
   902,903,900,-1,
   914,911,912,-1,
   914,912,913,-1,
   918,916,915,-1,
   918,917,916,-1,
   921,920,919,-1,
   928,929,920,-1,
   922,920,921,-1,
   927,928,920,-1,
   923,920,922,-1,
   926,927,920,-1,
   924,920,923,-1,
   925,926,920,-1,
   925,920,924,-1,
   933,930,931,-1,
   933,932,930,-1,
   958,960,959,-1,
   965,963,962,-1,
   965,964,963,-1,
   968,967,966,-1,
   951,953,952,-1,
   951,954,953,-1,
   970,969,968,-1,
   970,968,966,-1,
   950,954,951,-1,
   971,970,966,-1,
   948,950,949,-1,
   973,972,971,-1,
   973,971,966,-1,
   947,950,948,-1,
   975,974,973,-1,
   944,946,945,-1,
   935,934,975,-1,
   935,975,973,-1,
   943,947,946,-1,
   943,955,954,-1,
   943,956,955,-1,
   943,957,956,-1,
   943,958,957,-1,
   943,961,960,-1,
   943,962,961,-1,
   943,960,958,-1,
   943,954,950,-1,
   943,950,947,-1,
   943,946,944,-1,
   936,935,973,-1,
   936,966,965,-1,
   936,973,966,-1,
   940,942,941,-1,
   940,943,942,-1,
   940,962,943,-1,
   940,965,962,-1,
   939,937,936,-1,
   939,938,937,-1,
   939,936,965,-1,
   939,965,940,-1,
   1025,1024,1021,-1,
   978,1023,1020,-1,
   979,1023,978,-1,
   979,1021,1022,-1,
   979,1022,1023,-1,
   980,1021,979,-1,
   980,1025,1021,-1,
   980,1026,1025,-1,
   981,1026,980,-1,
   981,1027,1026,-1,
   982,1027,981,-1,
   982,1028,1027,-1,
   983,1028,982,-1,
   983,1029,1028,-1,
   984,1029,983,-1,
   984,1030,1029,-1,
   985,1030,984,-1,
   985,1031,1030,-1,
   1034,1033,1032,-1,
   986,1031,985,-1,
   986,1032,1031,-1,
   987,1034,1032,-1,
   987,1032,986,-1,
   988,1034,987,-1,
   988,1037,1034,-1,
   1039,1038,1035,-1,
   989,1035,1036,-1,
   989,1036,1037,-1,
   989,1037,988,-1,
   990,1039,1035,-1,
   990,1035,989,-1,
   991,1040,1039,-1,
   991,1039,990,-1,
   992,1041,1040,-1,
   992,1040,991,-1,
   993,1042,1041,-1,
   993,1041,992,-1,
   994,1043,1042,-1,
   994,1042,993,-1,
   995,1044,1043,-1,
   995,1043,994,-1,
   996,1045,1044,-1,
   996,1044,995,-1,
   1048,1047,1046,-1,
   997,1048,1046,-1,
   997,1046,1045,-1,
   997,1045,996,-1,
   998,1051,1048,-1,
   998,1048,997,-1,
   1053,1052,1049,-1,
   999,1051,998,-1,
   999,1050,1051,-1,
   1000,1050,999,-1,
   1000,1049,1050,-1,
   1001,1053,1049,-1,
   1001,1049,1000,-1,
   1001,1054,1053,-1,
   1002,1054,1001,-1,
   1002,1055,1054,-1,
   1003,1055,1002,-1,
   1003,1056,1055,-1,
   1004,1056,1003,-1,
   1004,1057,1056,-1,
   1005,1057,1004,-1,
   1005,1058,1057,-1,
   1006,1058,1005,-1,
   1006,1059,1058,-1,
   1062,1061,1060,-1,
   1007,1059,1006,-1,
   1007,1060,1059,-1,
   1008,1062,1060,-1,
   1008,1060,1007,-1,
   1009,1062,1008,-1,
   1009,1065,1062,-1,
   1067,1066,1063,-1,
   1010,1065,1009,-1,
   1010,1063,1064,-1,
   1010,1064,1065,-1,
   1011,1067,1063,-1,
   1011,1063,1010,-1,
   1012,1067,1011,-1,
   1012,1068,1067,-1,
   1013,1068,1012,-1,
   1013,1069,1068,-1,
   1014,1069,1013,-1,
   1014,1070,1069,-1,
   1015,1070,1014,-1,
   1015,1071,1070,-1,
   1016,1071,1015,-1,
   1016,1072,1071,-1,
   1017,1072,1016,-1,
   1017,1073,1072,-1,
   1076,1075,1074,-1,
   1018,1073,1017,-1,
   1018,1074,1073,-1,
   1018,1076,1074,-1,
   1019,1076,1018,-1,
   1019,1077,1078,-1,
   1019,1078,1076,-1,
   976,977,1077,-1,
   976,1077,1019,-1,
   1090,1088,1087,-1,
   1090,1091,1094,-1,
   1085,1089,1088,-1,
   1085,1086,1089,-1,
   1085,1088,1090,-1,
   1095,1093,1092,-1,
   1095,1094,1093,-1,
   1095,1090,1094,-1,
   1079,1085,1090,-1,
   1079,1090,1095,-1,
   1099,1095,1096,-1,
   1098,1095,1099,-1,
   1083,1082,1085,-1,
   1097,1079,1095,-1,
   1097,1095,1098,-1,
   1101,1079,1097,-1,
   1084,1085,1079,-1,
   1084,1083,1085,-1,
   1100,1079,1101,-1,
   1080,1079,1100,-1,
   1081,1084,1079,-1,
   1105,1103,1102,-1,
   1105,1102,1104,-1,
   1107,1106,1108,-1,
   1107,1108,1109,-1,
   1107,1109,1110,-1,
   1107,1110,1111,-1,
   1112,1107,1111,-1,
   1113,1107,1112,-1,
   1114,1107,1113,-1,
   1115,1107,1114,-1,
   1116,1107,1115,-1,
   1117,1119,1118,-1,
   1117,1120,1119,-1,
   1121,1122,1123,-1,
   1121,1123,1124,-1,
   1125,1126,1127,-1,
   1125,1127,1128,-1,
   1125,1128,1129,-1,
   1125,1129,1130,-1,
   1125,1130,1131,-1,
   1125,1131,1132,-1,
   1125,1132,1133,-1,
   1125,1133,1134,-1,
   1125,1134,1135,-1,
   1139,1137,1136,-1,
   1139,1136,1138,-1,
   1143,1140,1141,-1,
   1143,1142,1140,-1,
   1144,1151,1152,-1,
   1144,1152,1153,-1,
   1144,1153,1154,-1,
   1144,1154,1145,-1,
   1150,1151,1144,-1,
   1149,1150,1144,-1,
   1148,1149,1144,-1,
   1147,1148,1144,-1,
   1146,1147,1144,-1,
   1158,1155,1156,-1,
   1158,1156,1157,-1,
   1162,1160,1159,-1,
   1162,1161,1160,-1,
   1165,1164,1163,-1,
   1172,1173,1164,-1,
   1166,1164,1165,-1,
   1171,1172,1164,-1,
   1167,1164,1166,-1,
   1170,1171,1164,-1,
   1168,1164,1167,-1,
   1169,1170,1164,-1,
   1169,1164,1168,-1,
   1177,1174,1175,-1,
   1177,1176,1174,-1,
   1202,1204,1203,-1,
   1209,1207,1206,-1,
   1209,1208,1207,-1,
   1212,1211,1210,-1,
   1195,1197,1196,-1,
   1195,1198,1197,-1,
   1214,1213,1212,-1,
   1214,1212,1210,-1,
   1194,1198,1195,-1,
   1215,1214,1210,-1,
   1192,1194,1193,-1,
   1217,1216,1215,-1,
   1217,1215,1210,-1,
   1191,1194,1192,-1,
   1219,1218,1217,-1,
   1188,1190,1189,-1,
   1179,1178,1219,-1,
   1179,1219,1217,-1,
   1187,1191,1190,-1,
   1187,1199,1198,-1,
   1187,1200,1199,-1,
   1187,1201,1200,-1,
   1187,1202,1201,-1,
   1187,1205,1204,-1,
   1187,1206,1205,-1,
   1187,1204,1202,-1,
   1187,1198,1194,-1,
   1187,1194,1191,-1,
   1187,1190,1188,-1,
   1180,1179,1217,-1,
   1180,1210,1209,-1,
   1180,1217,1210,-1,
   1184,1186,1185,-1,
   1184,1187,1186,-1,
   1184,1206,1187,-1,
   1184,1209,1206,-1,
   1183,1181,1180,-1,
   1183,1182,1181,-1,
   1183,1180,1209,-1,
   1183,1209,1184,-1 ] }
}
DEF clamps Shape {
 appearance Appearance { material Material { diffuseColor 0.680 0.680 0.660 specularColor 0.5 0.5 0.5 shininess 0.6 } }
 geometry IndexedFaceSet { creaseAngle 0.5
  coord Coordinate { point [
   -0.59055 -1.85039 0.78740,
   -0.59055 -1.85039 0.98425,
   -0.59055 0.59055 0.78740,
   -0.59055 0.59055 0.98425,
   0.59055 -1.85039 0.78740,
   0.59055 -1.85039 0.98425,
   0.59055 0.59055 0.78740,
   0.59055 0.59055 0.98425,
   -0.59055 -1.85039 0.78740,
   0.59055 -1.85039 0.78740,
   -0.59055 -1.85039 0.98425,
   0.59055 -1.85039 0.98425,
   -0.59055 0.59055 0.78740,
   0.59055 0.59055 0.78740,
   -0.59055 0.59055 0.98425,
   0.59055 0.59055 0.98425,
   -0.59055 -1.85039 0.78740,
   -0.59055 0.59055 0.78740,
   0.59055 -1.85039 0.78740,
   0.59055 0.59055 0.78740,
   -0.59055 -1.85039 0.98425,
   -0.59055 0.59055 0.98425,
   0.59055 -1.85039 0.98425,
   0.59055 0.59055 0.98425,
   -0.59055 -1.85039 2.87402,
   -0.59055 -1.85039 3.07087,
   -0.59055 0.59055 2.87402,
   -0.59055 0.59055 3.07087,
   0.59055 -1.85039 2.87402,
   0.59055 -1.85039 3.07087,
   0.59055 0.59055 2.87402,
   0.59055 0.59055 3.07087,
   -0.59055 -1.85039 2.87402,
   0.59055 -1.85039 2.87402,
   -0.59055 -1.85039 3.07087,
   0.59055 -1.85039 3.07087,
   -0.59055 0.59055 2.87402,
   0.59055 0.59055 2.87402,
   -0.59055 0.59055 3.07087,
   0.59055 0.59055 3.07087,
   -0.59055 -1.85039 2.87402,
   -0.59055 0.59055 2.87402,
   0.59055 -1.85039 2.87402,
   0.59055 0.59055 2.87402,
   -0.59055 -1.85039 3.07087,
   -0.59055 0.59055 3.07087,
   0.59055 -1.85039 3.07087,
   0.59055 0.59055 3.07087,
   1.37795 -1.85039 0.78740,
   1.37795 -1.85039 0.98425,
   1.37795 0.59055 0.78740,
   1.37795 0.59055 0.98425,
   2.55906 -1.85039 0.78740,
   2.55906 -1.85039 0.98425,
   2.55906 0.59055 0.78740,
   2.55906 0.59055 0.98425,
   1.37795 -1.85039 0.78740,
   2.55906 -1.85039 0.78740,
   1.37795 -1.85039 0.98425,
   2.55906 -1.85039 0.98425,
   1.37795 0.59055 0.78740,
   2.55906 0.59055 0.78740,
   1.37795 0.59055 0.98425,
   2.55906 0.59055 0.98425,
   1.37795 -1.85039 0.78740,
   1.37795 0.59055 0.78740,
   2.55906 -1.85039 0.78740,
   2.55906 0.59055 0.78740,
   1.37795 -1.85039 0.98425,
   1.37795 0.59055 0.98425,
   2.55906 -1.85039 0.98425,
   2.55906 0.59055 0.98425,
   1.37795 -1.85039 2.87402,
   1.37795 -1.85039 3.07087,
   1.37795 0.59055 2.87402,
   1.37795 0.59055 3.07087,
   2.55906 -1.85039 2.87402,
   2.55906 -1.85039 3.07087,
   2.55906 0.59055 2.87402,
   2.55906 0.59055 3.07087,
   1.37795 -1.85039 2.87402,
   2.55906 -1.85039 2.87402,
   1.37795 -1.85039 3.07087,
   2.55906 -1.85039 3.07087,
   1.37795 0.59055 2.87402,
   2.55906 0.59055 2.87402,
   1.37795 0.59055 3.07087,
   2.55906 0.59055 3.07087,
   1.37795 -1.85039 2.87402,
   1.37795 0.59055 2.87402,
   2.55906 -1.85039 2.87402,
   2.55906 0.59055 2.87402,
   1.37795 -1.85039 3.07087,
   1.37795 0.59055 3.07087,
   2.55906 -1.85039 3.07087,
   2.55906 0.59055 3.07087,
   3.34646 -1.85039 0.78740,
   3.34646 -1.85039 0.98425,
   3.34646 0.59055 0.78740,
   3.34646 0.59055 0.98425,
   4.52756 -1.85039 0.78740,
   4.52756 -1.85039 0.98425,
   4.52756 0.59055 0.78740,
   4.52756 0.59055 0.98425,
   3.34646 -1.85039 0.78740,
   4.52756 -1.85039 0.78740,
   3.34646 -1.85039 0.98425,
   4.52756 -1.85039 0.98425,
   3.34646 0.59055 0.78740,
   4.52756 0.59055 0.78740,
   3.34646 0.59055 0.98425,
   4.52756 0.59055 0.98425,
   3.34646 -1.85039 0.78740,
   3.34646 0.59055 0.78740,
   4.52756 -1.85039 0.78740,
   4.52756 0.59055 0.78740,
   3.34646 -1.85039 0.98425,
   3.34646 0.59055 0.98425,
   4.52756 -1.85039 0.98425,
   4.52756 0.59055 0.98425,
   3.34646 -1.85039 2.87402,
   3.34646 -1.85039 3.07087,
   3.34646 0.59055 2.87402,
   3.34646 0.59055 3.07087,
   4.52756 -1.85039 2.87402,
   4.52756 -1.85039 3.07087,
   4.52756 0.59055 2.87402,
   4.52756 0.59055 3.07087,
   3.34646 -1.85039 2.87402,
   4.52756 -1.85039 2.87402,
   3.34646 -1.85039 3.07087,
   4.52756 -1.85039 3.07087,
   3.34646 0.59055 2.87402,
   4.52756 0.59055 2.87402,
   3.34646 0.59055 3.07087,
   4.52756 0.59055 3.07087,
   3.34646 -1.85039 2.87402,
   3.34646 0.59055 2.87402,
   4.52756 -1.85039 2.87402,
   4.52756 0.59055 2.87402,
   3.34646 -1.85039 3.07087,
   3.34646 0.59055 3.07087,
   4.52756 -1.85039 3.07087,
   4.52756 0.59055 3.07087,
   5.31496 -1.85039 0.78740,
   5.31496 -1.85039 0.98425,
   5.31496 0.59055 0.78740,
   5.31496 0.59055 0.98425,
   6.49606 -1.85039 0.78740,
   6.49606 -1.85039 0.98425,
   6.49606 0.59055 0.78740,
   6.49606 0.59055 0.98425,
   5.31496 -1.85039 0.78740,
   6.49606 -1.85039 0.78740,
   5.31496 -1.85039 0.98425,
   6.49606 -1.85039 0.98425,
   5.31496 0.59055 0.78740,
   6.49606 0.59055 0.78740,
   5.31496 0.59055 0.98425,
   6.49606 0.59055 0.98425,
   5.31496 -1.85039 0.78740,
   5.31496 0.59055 0.78740,
   6.49606 -1.85039 0.78740,
   6.49606 0.59055 0.78740,
   5.31496 -1.85039 0.98425,
   5.31496 0.59055 0.98425,
   6.49606 -1.85039 0.98425,
   6.49606 0.59055 0.98425,
   5.31496 -1.85039 2.87402,
   5.31496 -1.85039 3.07087,
   5.31496 0.59055 2.87402,
   5.31496 0.59055 3.07087,
   6.49606 -1.85039 2.87402,
   6.49606 -1.85039 3.07087,
   6.49606 0.59055 2.87402,
   6.49606 0.59055 3.07087,
   5.31496 -1.85039 2.87402,
   6.49606 -1.85039 2.87402,
   5.31496 -1.85039 3.07087,
   6.49606 -1.85039 3.07087,
   5.31496 0.59055 2.87402,
   6.49606 0.59055 2.87402,
   5.31496 0.59055 3.07087,
   6.49606 0.59055 3.07087,
   5.31496 -1.85039 2.87402,
   5.31496 0.59055 2.87402,
   6.49606 -1.85039 2.87402,
   6.49606 0.59055 2.87402,
   5.31496 -1.85039 3.07087,
   5.31496 0.59055 3.07087,
   6.49606 -1.85039 3.07087,
   6.49606 0.59055 3.07087,
   7.28346 -1.85039 0.78740,
   7.28346 -1.85039 0.98425,
   7.28346 0.59055 0.78740,
   7.28346 0.59055 0.98425,
   8.46457 -1.85039 0.78740,
   8.46457 -1.85039 0.98425,
   8.46457 0.59055 0.78740,
   8.46457 0.59055 0.98425,
   7.28346 -1.85039 0.78740,
   8.46457 -1.85039 0.78740,
   7.28346 -1.85039 0.98425,
   8.46457 -1.85039 0.98425,
   7.28346 0.59055 0.78740,
   8.46457 0.59055 0.78740,
   7.28346 0.59055 0.98425,
   8.46457 0.59055 0.98425,
   7.28346 -1.85039 0.78740,
   7.28346 0.59055 0.78740,
   8.46457 -1.85039 0.78740,
   8.46457 0.59055 0.78740,
   7.28346 -1.85039 0.98425,
   7.28346 0.59055 0.98425,
   8.46457 -1.85039 0.98425,
   8.46457 0.59055 0.98425,
   7.28346 -1.85039 2.87402,
   7.28346 -1.85039 3.07087,
   7.28346 0.59055 2.87402,
   7.28346 0.59055 3.07087,
   8.46457 -1.85039 2.87402,
   8.46457 -1.85039 3.07087,
   8.46457 0.59055 2.87402,
   8.46457 0.59055 3.07087,
   7.28346 -1.85039 2.87402,
   8.46457 -1.85039 2.87402,
   7.28346 -1.85039 3.07087,
   8.46457 -1.85039 3.07087,
   7.28346 0.59055 2.87402,
   8.46457 0.59055 2.87402,
   7.28346 0.59055 3.07087,
   8.46457 0.59055 3.07087,
   7.28346 -1.85039 2.87402,
   7.28346 0.59055 2.87402,
   8.46457 -1.85039 2.87402,
   8.46457 0.59055 2.87402,
   7.28346 -1.85039 3.07087,
   7.28346 0.59055 3.07087,
   8.46457 -1.85039 3.07087,
   8.46457 0.59055 3.07087 ] }
  coordIndex [
   1,2,0,-1,
   1,3,2,-1,
   5,4,6,-1,
   5,6,7,-1,
   11,8,9,-1,
   11,10,8,-1,
   15,13,12,-1,
   15,12,14,-1,
   19,16,17,-1,
   19,18,16,-1,
   23,21,20,-1,
   23,20,22,-1,
   25,26,24,-1,
   25,27,26,-1,
   29,28,30,-1,
   29,30,31,-1,
   35,32,33,-1,
   35,34,32,-1,
   39,37,36,-1,
   39,36,38,-1,
   43,40,41,-1,
   43,42,40,-1,
   47,45,44,-1,
   47,44,46,-1,
   49,50,48,-1,
   49,51,50,-1,
   53,52,54,-1,
   53,54,55,-1,
   59,56,57,-1,
   59,58,56,-1,
   63,61,60,-1,
   63,60,62,-1,
   67,64,65,-1,
   67,66,64,-1,
   71,69,68,-1,
   71,68,70,-1,
   73,74,72,-1,
   73,75,74,-1,
   77,76,78,-1,
   77,78,79,-1,
   83,80,81,-1,
   83,82,80,-1,
   87,85,84,-1,
   87,84,86,-1,
   91,88,89,-1,
   91,90,88,-1,
   95,93,92,-1,
   95,92,94,-1,
   97,98,96,-1,
   97,99,98,-1,
   101,100,102,-1,
   101,102,103,-1,
   107,104,105,-1,
   107,106,104,-1,
   111,109,108,-1,
   111,108,110,-1,
   115,112,113,-1,
   115,114,112,-1,
   119,117,116,-1,
   119,116,118,-1,
   121,122,120,-1,
   121,123,122,-1,
   125,124,126,-1,
   125,126,127,-1,
   131,128,129,-1,
   131,130,128,-1,
   135,133,132,-1,
   135,132,134,-1,
   139,136,137,-1,
   139,138,136,-1,
   143,141,140,-1,
   143,140,142,-1,
   145,146,144,-1,
   145,147,146,-1,
   149,148,150,-1,
   149,150,151,-1,
   155,152,153,-1,
   155,154,152,-1,
   159,157,156,-1,
   159,156,158,-1,
   163,160,161,-1,
   163,162,160,-1,
   167,165,164,-1,
   167,164,166,-1,
   169,170,168,-1,
   169,171,170,-1,
   173,172,174,-1,
   173,174,175,-1,
   179,176,177,-1,
   179,178,176,-1,
   183,181,180,-1,
   183,180,182,-1,
   187,184,185,-1,
   187,186,184,-1,
   191,189,188,-1,
   191,188,190,-1,
   193,194,192,-1,
   193,195,194,-1,
   197,196,198,-1,
   197,198,199,-1,
   203,200,201,-1,
   203,202,200,-1,
   207,205,204,-1,
   207,204,206,-1,
   211,208,209,-1,
   211,210,208,-1,
   215,213,212,-1,
   215,212,214,-1,
   217,218,216,-1,
   217,219,218,-1,
   221,220,222,-1,
   221,222,223,-1,
   227,224,225,-1,
   227,226,224,-1,
   231,229,228,-1,
   231,228,230,-1,
   235,232,233,-1,
   235,234,232,-1,
   239,237,236,-1,
   239,236,238,-1 ] }
}
DEF pins Shape {
 appearance Appearance { material Material { diffuseColor 0.740 0.740 0.700 specularColor 0.5 0.5 0.5 shininess 0.6 } }
 geometry IndexedFaceSet { creaseAngle 0.5
  coord Coordinate { point [
   -0.15748 -0.15748 -1.37795,
   -0.15748 -0.15748 0.78740,
   -0.15748 0.15748 -1.37795,
   -0.15748 0.15748 0.78740,
   0.15748 -0.15748 -1.37795,
   0.15748 -0.15748 0.78740,
   0.15748 0.15748 -1.37795,
   0.15748 0.15748 0.78740,
   -0.15748 -0.15748 -1.37795,
   0.15748 -0.15748 -1.37795,
   -0.15748 -0.15748 0.78740,
   0.15748 -0.15748 0.78740,
   -0.15748 0.15748 -1.37795,
   0.15748 0.15748 -1.37795,
   -0.15748 0.15748 0.78740,
   0.15748 0.15748 0.78740,
   -0.15748 -0.15748 -1.37795,
   -0.15748 0.15748 -1.37795,
   0.15748 -0.15748 -1.37795,
   0.15748 0.15748 -1.37795,
   -0.15748 -0.15748 0.78740,
   -0.15748 0.15748 0.78740,
   0.15748 -0.15748 0.78740,
   0.15748 0.15748 0.78740,
   1.81102 -0.15748 -1.37795,
   1.81102 -0.15748 0.78740,
   1.81102 0.15748 -1.37795,
   1.81102 0.15748 0.78740,
   2.12598 -0.15748 -1.37795,
   2.12598 -0.15748 0.78740,
   2.12598 0.15748 -1.37795,
   2.12598 0.15748 0.78740,
   1.81102 -0.15748 -1.37795,
   2.12598 -0.15748 -1.37795,
   1.81102 -0.15748 0.78740,
   2.12598 -0.15748 0.78740,
   1.81102 0.15748 -1.37795,
   2.12598 0.15748 -1.37795,
   1.81102 0.15748 0.78740,
   2.12598 0.15748 0.78740,
   1.81102 -0.15748 -1.37795,
   1.81102 0.15748 -1.37795,
   2.12598 -0.15748 -1.37795,
   2.12598 0.15748 -1.37795,
   1.81102 -0.15748 0.78740,
   1.81102 0.15748 0.78740,
   2.12598 -0.15748 0.78740,
   2.12598 0.15748 0.78740,
   3.77953 -0.15748 -1.37795,
   3.77953 -0.15748 0.78740,
   3.77953 0.15748 -1.37795,
   3.77953 0.15748 0.78740,
   4.09449 -0.15748 -1.37795,
   4.09449 -0.15748 0.78740,
   4.09449 0.15748 -1.37795,
   4.09449 0.15748 0.78740,
   3.77953 -0.15748 -1.37795,
   4.09449 -0.15748 -1.37795,
   3.77953 -0.15748 0.78740,
   4.09449 -0.15748 0.78740,
   3.77953 0.15748 -1.37795,
   4.09449 0.15748 -1.37795,
   3.77953 0.15748 0.78740,
   4.09449 0.15748 0.78740,
   3.77953 -0.15748 -1.37795,
   3.77953 0.15748 -1.37795,
   4.09449 -0.15748 -1.37795,
   4.09449 0.15748 -1.37795,
   3.77953 -0.15748 0.78740,
   3.77953 0.15748 0.78740,
   4.09449 -0.15748 0.78740,
   4.09449 0.15748 0.78740,
   5.74803 -0.15748 -1.37795,
   5.74803 -0.15748 0.78740,
   5.74803 0.15748 -1.37795,
   5.74803 0.15748 0.78740,
   6.06299 -0.15748 -1.37795,
   6.06299 -0.15748 0.78740,
   6.06299 0.15748 -1.37795,
   6.06299 0.15748 0.78740,
   5.74803 -0.15748 -1.37795,
   6.06299 -0.15748 -1.37795,
   5.74803 -0.15748 0.78740,
   6.06299 -0.15748 0.78740,
   5.74803 0.15748 -1.37795,
   6.06299 0.15748 -1.37795,
   5.74803 0.15748 0.78740,
   6.06299 0.15748 0.78740,
   5.74803 -0.15748 -1.37795,
   5.74803 0.15748 -1.37795,
   6.06299 -0.15748 -1.37795,
   6.06299 0.15748 -1.37795,
   5.74803 -0.15748 0.78740,
   5.74803 0.15748 0.78740,
   6.06299 -0.15748 0.78740,
   6.06299 0.15748 0.78740,
   7.71654 -0.15748 -1.37795,
   7.71654 -0.15748 0.78740,
   7.71654 0.15748 -1.37795,
   7.71654 0.15748 0.78740,
   8.03150 -0.15748 -1.37795,
   8.03150 -0.15748 0.78740,
   8.03150 0.15748 -1.37795,
   8.03150 0.15748 0.78740,
   7.71654 -0.15748 -1.37795,
   8.03150 -0.15748 -1.37795,
   7.71654 -0.15748 0.78740,
   8.03150 -0.15748 0.78740,
   7.71654 0.15748 -1.37795,
   8.03150 0.15748 -1.37795,
   7.71654 0.15748 0.78740,
   8.03150 0.15748 0.78740,
   7.71654 -0.15748 -1.37795,
   7.71654 0.15748 -1.37795,
   8.03150 -0.15748 -1.37795,
   8.03150 0.15748 -1.37795,
   7.71654 -0.15748 0.78740,
   7.71654 0.15748 0.78740,
   8.03150 -0.15748 0.78740,
   8.03150 0.15748 0.78740 ] }
  coordIndex [
   1,2,0,-1,
   1,3,2,-1,
   5,4,6,-1,
   5,6,7,-1,
   11,8,9,-1,
   11,10,8,-1,
   15,13,12,-1,
   15,12,14,-1,
   19,16,17,-1,
   19,18,16,-1,
   23,21,20,-1,
   23,20,22,-1,
   25,26,24,-1,
   25,27,26,-1,
   29,28,30,-1,
   29,30,31,-1,
   35,32,33,-1,
   35,34,32,-1,
   39,37,36,-1,
   39,36,38,-1,
   43,40,41,-1,
   43,42,40,-1,
   47,45,44,-1,
   47,44,46,-1,
   49,50,48,-1,
   49,51,50,-1,
   53,52,54,-1,
   53,54,55,-1,
   59,56,57,-1,
   59,58,56,-1,
   63,61,60,-1,
   63,60,62,-1,
   67,64,65,-1,
   67,66,64,-1,
   71,69,68,-1,
   71,68,70,-1,
   73,74,72,-1,
   73,75,74,-1,
   77,76,78,-1,
   77,78,79,-1,
   83,80,81,-1,
   83,82,80,-1,
   87,85,84,-1,
   87,84,86,-1,
   91,88,89,-1,
   91,90,88,-1,
   95,93,92,-1,
   95,92,94,-1,
   97,98,96,-1,
   97,99,98,-1,
   101,100,102,-1,
   101,102,103,-1,
   107,104,105,-1,
   107,106,104,-1,
   111,109,108,-1,
   111,108,110,-1,
   115,112,113,-1,
   115,114,112,-1,
   119,117,116,-1,
   119,116,118,-1 ] }
}
